/*
Created		07/04/2012
Modified		24/06/2012
Project		
Model		
Company		 
Author		
Version		
Database		mySQL 5 
*/




drop table IF EXISTS uf;
drop table IF EXISTS cidade;
drop table IF EXISTS usuario;
drop table IF EXISTS receber;
drop table IF EXISTS pagar;
drop table IF EXISTS itemvenda;
drop table IF EXISTS itemprazo;
drop table IF EXISTS prazo;
drop table IF EXISTS venda;
drop table IF EXISTS itementrada;
drop table IF EXISTS itemproduto;
drop table IF EXISTS produto;
drop table IF EXISTS entrada;
drop table IF EXISTS vendedor;
drop table IF EXISTS clifor;




Create table clifor (
	idclifor Int NOT NULL AUTO_INCREMENT,
	uf Int NOT NULL,
	cidade Int NOT NULL,
	nome Varchar(40),
	ierg Varchar(10),
	cnpjcpf Varchar(15),
	tipo Char(1),
	endereco Varchar(40),
	bairro Varchar(30),
	cep Bigint,
	telefone Bigint,
	celular Bigint,
	email Varchar(30),
	status enum('1','2') NOT NULL default '1',
	razsoc Varchar(40),
	fantasia Varchar(40),
 Primary Key (idclifor)) ENGINE = InnoDB;

Create table vendedor (
	idvendedor Int NOT NULL AUTO_INCREMENT,
	uf Int NOT NULL,
	cidade Int NOT NULL,
	nome Varchar(40),
	rg Varchar(10),
	cpf Varchar(12),
	endereco Varchar(40),
	status enum('1','2') NOT NULL default '1',
	bairro Varchar(30),
	cep Bigint,
	telefone Bigint,
	celular Bigint,
	email Varchar(30),
 Primary Key (idvendedor)) ENGINE = InnoDB;

Create table entrada (
	identrada Int NOT NULL AUTO_INCREMENT,
	dataemi Date,
	qtdtotal Int,
	valortotal Int,
	status enum('1','2') NOT NULL default '1',
 Primary Key (identrada)) ENGINE = InnoDB;

Create table produto (
	idpro Int NOT NULL AUTO_INCREMENT,
	descricao Varchar(40),
	custo Double(10,2),
	valor Double(10,2),
 Index idx_produto (idpro),
 Primary Key (idpro)) ENGINE = InnoDB;

Create table itemproduto (
	idpro Int NOT NULL,
	tam Varchar(4) NOT NULL,
	barras Int(9) ZEROFILL,
	estoque Int NOT NULL DEFAULT 0,
 Primary Key (idpro,tam)) ENGINE = InnoDB;

Create table itementrada (
	iditementrada Int NOT NULL AUTO_INCREMENT,
	entrada Int NOT NULL,
	idpro Int NOT NULL,
	tam Varchar(4) NOT NULL,
	qtd Int,
	valor Double(10,2),
 Primary Key (iditementrada)) ENGINE = InnoDB;

Create table venda (
	idvenda Int NOT NULL AUTO_INCREMENT,
	vendedor Int,
	cliente Int NOT NULL,
	prazo Int,
	dataemi Date,
	valortotal Double(10,2),
	qtdtotal Int,
	desconto Double(10,2) NOT NULL default '0',
	status enum('0','1','2') NOT NULL default '0',
 Primary Key (idvenda)) ENGINE = InnoDB;

Create table prazo (
	idprazo Int NOT NULL AUTO_INCREMENT,
	descricao Varchar(20),
 Primary Key (idprazo)) ENGINE = InnoDB;

Create table itemprazo (
	iditem Int NOT NULL AUTO_INCREMENT,
	prazo Int NOT NULL,
	dias Int,
 Primary Key (iditem,prazo)) ENGINE = InnoDB;

Create table itemvenda (
	iditemvenda Int NOT NULL AUTO_INCREMENT,
	venda Int NOT NULL,
	idpro Int NOT NULL,
	tam Varchar(4) NOT NULL,
	qtd Int,
	valor Double(10,2),
 Primary Key (iditemvenda)) ENGINE = InnoDB;

Create table pagar (
	idpagar Int NOT NULL AUTO_INCREMENT,
	fornecedor Int NOT NULL,
	valor Double(10,2),
	valorpago Double(10,2),
	emissao Date,
	vencimento Date,
	datapago Date,
	status enum('0','1','2') NOT NULL default '0',
 Primary Key (idpagar)) ENGINE = InnoDB;

Create table receber (
	idrec Int NOT NULL AUTO_INCREMENT,
	cliente Int NOT NULL,
	venda Int NOT NULL,
	numparcela Int NOT NULL,
	emissao Date,
	vencimento Date,
	datarec Date,
	valor Double(10,2),
	valorrecebido Double(10,2),
	status enum('0','1','2') NOT NULL default '0',
 Primary Key (idrec)) ENGINE = InnoDB;



Create table usuario (
	idusuario Int NOT NULL AUTO_INCREMENT,
	usuario Varchar(10),
	senha Varchar(32),
	tipo Int,
	status enum('1','2') NOT NULL default '1',
 Primary Key (idusuario)) ENGINE = InnoDB;

Create table cidade (
	idcid Int NOT NULL AUTO_INCREMENT,
	nome Varchar(100),
	uf Int NOT NULL,
 Primary Key (idcid)) ENGINE = InnoDB;

Create table uf (
	iduf Int NOT NULL AUTO_INCREMENT,
	sigla Char(2),
	descricao Varchar(30),
 Primary Key (iduf)) ENGINE = InnoDB;


/* inserçoes basicas */

INSERT INTO USUARIO VALUES
(NULL,'ROOT','4297f44b13955235245b2497399d7a93','1','1');




/* script de ufs */

CREATE TABLE IF NOT EXISTS `uf` (
  `iduf` int(11) NOT NULL,
  `sigla` char(2) NOT NULL,
  `descricao` varchar(30) NOT NULL,
  PRIMARY KEY (`iduf`)
) ENGINE=InnoDB DEFAULT CHARSET=utf8;

--
-- Extraindo dados da tabela `uf`
--

INSERT INTO `uf` (`iduf`, `sigla`, `descricao`) VALUES
(1, 'AC', 'ACRE'),
(2, 'AL', 'ALAGOAS'),
(3, 'AM', 'AMAZONAS'),
(4, 'AP', 'AMAPA'),
(5, 'BA', 'BAHIA'),
(6, 'CE', 'CEARA'),
(7, 'DF', 'DISTRITO FEDERAL'),
(8, 'ES', 'ESPIRITO SANTO'),
(9, 'GO', 'GOIAS'),
(10, 'MA', 'MARANHAO'),
(11, 'MG', 'MINAS GERAIS'),
(12, 'MS', 'MATO GROSSO DO SUL'),
(13, 'MT', 'MATO GROSSO'),
(14, 'PA', 'PARA'),
(15, 'PB', 'PARAIBA'),
(16, 'PE', 'PERNAMBUCO'),
(17, 'PI', 'PIAUI'),
(18, 'PR', 'PARANA'),
(19, 'RJ', 'RIO DE JANEIRO'),
(20, 'RN', 'RIO GRANDE DO NORTE'),
(21, 'RO', 'RONDONIA'),
(22, 'RR', 'RORAIMA'),
(23, 'RS', 'RIO GRANDE DO SUL'),
(24, 'SC', 'SANTA CATARINA'),
(25, 'SE', 'SERGIPE'),
(26, 'SP', 'SAO PAULO'),
(27, 'TO', 'TOCANTINS');




/*fim do script de ufs*/





Create Index idx_clifor_nome ON clifor (nome);
Create Index idx_clifor_cidade ON clifor (cidade);
Create Index idx_entrada_dataemi ON entrada (dataemi);
Create Index idx_venda_cliente ON venda (cliente);
Create Index idx_venda_dateemi ON venda (dataemi);
Create Index idx_pagar_fornecedor ON pagar (fornecedor);
Create Index idx_rec_cliente ON receber (cliente);



Alter table venda add Foreign Key (cliente) references clifor (idclifor) on delete  restrict on update  restrict;
Alter table pagar add Foreign Key (fornecedor) references clifor (idclifor) on delete  restrict on update  restrict;
Alter table receber add Foreign Key (cliente) references clifor (idclifor) on delete  restrict on update  restrict;
Alter table venda add Foreign Key (vendedor) references vendedor (idvendedor) on delete  restrict on update  restrict;
Alter table itementrada add Foreign Key (entrada) references entrada (identrada) on delete  restrict on update  restrict;
Alter table itemproduto add Foreign Key (idpro) references produto (idpro) on delete  restrict on update  restrict;
Alter table itemvenda add Foreign Key (idpro,tam) references itemproduto (idpro,tam) on delete  restrict on update  restrict;
Alter table itementrada add Foreign Key (idpro,tam) references itemproduto (idpro,tam) on delete  restrict on update  restrict;
Alter table itemvenda add Foreign Key (venda) references venda (idvenda) on delete  restrict on update  restrict;
Alter table receber add Foreign Key (venda) references venda (idvenda) on delete  restrict on update  restrict;
Alter table venda add Foreign Key (prazo) references prazo (idprazo) on delete  restrict on update  restrict;
Alter table itemprazo add Foreign Key (prazo) references prazo (idprazo) on delete  restrict on update  restrict;
Alter table clifor add Foreign Key (cidade) references cidade (idcid) on delete  restrict on update  restrict;
Alter table vendedor add Foreign Key (cidade) references cidade (idcid) on delete  restrict on update  restrict;
Alter table cidade add Foreign Key (uf) references uf (iduf) on delete  restrict on update  restrict;
Alter table clifor add Foreign Key (uf) references uf (iduf) on delete  restrict on update  restrict;
Alter table vendedor add Foreign Key (uf) references uf (iduf) on delete  restrict on update  restrict;


/* script de cidades */


CREATE TABLE IF NOT EXISTS `cidade` (
  `idcid` int(11) NOT NULL AUTO_INCREMENT,
  `nome` varchar(100) NOT NULL,
  `uf` int(11) NOT NULL,
  PRIMARY KEY (`idcid`)
) ENGINE=InnoDB  DEFAULT CHARSET=utf8 AUTO_INCREMENT=5598 ;

--
-- Extraindo dados da tabela `cidade`
--

INSERT INTO `cidade` (`idcid`, `nome`, `uf`) VALUES
(1, 'ALTA FLORESTA D''OESTE', 21),
(2, 'ARIQUEMES', 21),
(3, 'CABIXI', 21),
(4, 'CACOAL', 21),
(5, 'CEREJEIRAS', 21),
(6, 'COLORADO DO OESTE', 21),
(7, 'CORUMBIARA', 21),
(8, 'COSTA MARQUES', 21),
(9, 'ESPIGAO D''OESTE', 21),
(10, 'GUAJARA-MIRIM', 21),
(11, 'JARU', 21),
(12, 'JI-PARANA', 21),
(13, 'MACHADINHO D''OESTE', 21),
(14, 'NOVA BRASILANDIA D''OESTE', 21),
(15, 'OURO PRETO DO OESTE', 21),
(16, 'PIMENTA BUENO', 21),
(17, 'PORTO VELHO', 21),
(18, 'PRESIDENTE MEDICI', 21),
(19, 'RIO CRESPO', 21),
(20, 'ROLIM DE MOURA', 21),
(21, 'SANTA LUZIA D''OESTE', 21),
(22, 'VILHENA', 21),
(23, 'SAO MIGUEL DO GUAPORE', 21),
(24, 'NOVA MAMORE', 21),
(25, 'ALVORADA D''OESTE', 21),
(26, 'ALTO ALEGRE DOS PARECIS', 21),
(27, 'ALTO PARAISO', 21),
(28, 'BURITIS', 21),
(29, 'NOVO HORIZONTE DO OESTE', 21),
(30, 'CACAULANDIA', 21),
(31, 'CAMPO NOVO DE RONDONIA', 21),
(32, 'CANDEIAS DO JAMARI', 21),
(33, 'CASTANHEIRAS', 21),
(34, 'CHUPINGUAIA', 21),
(35, 'CUJUBIM', 21),
(36, 'GOVERNADOR JORGE TEIXEIRA', 21),
(37, 'ITAPUA DO OESTE', 21),
(38, 'MINISTRO ANDREAZZA', 21),
(39, 'MIRANTE DA SERRA', 21),
(40, 'MONTE NEGRO', 21),
(41, 'NOVA UNIAO', 21),
(42, 'PARECIS', 21),
(43, 'PIMENTEIRAS DO OESTE', 21),
(44, 'PRIMAVERA DE RONDONIA', 21),
(45, 'SAO FELIPE D''OESTE', 21),
(46, 'SAO FRANCISCO DO GUAPORE', 21),
(47, 'SERINGUEIRAS', 21),
(48, 'TEIXEIROPOLIS', 21),
(49, 'THEOBROMA', 21),
(50, 'URUPA', 21),
(51, 'VALE DO ANARI', 21),
(52, 'VALE DO PARAISO', 21),
(53, 'ACRELANDIA', 1),
(54, 'ASSIS BRASIL', 1),
(55, 'BRASILEIA', 1),
(56, 'BUJARI', 1),
(57, 'CAPIXABA', 1),
(58, 'CRUZEIRO DO SUL', 1),
(59, 'EPITACIOLANDIA', 1),
(60, 'FEIJO', 1),
(61, 'JORDAO', 1),
(62, 'MANCIO LIMA', 1),
(63, 'MANOEL URBANO', 1),
(64, 'MARECHAL THAUMATURGO', 1),
(65, 'PLACIDO DE CASTRO', 1),
(66, 'PORTO WALTER', 1),
(67, 'RIO BRANCO', 1),
(68, 'RODRIGUES ALVES', 1),
(69, 'SANTA ROSA DO PURUS', 1),
(70, 'SENADOR GUIOMARD', 1),
(71, 'SENA MADUREIRA', 1),
(72, 'TARAUACA', 1),
(73, 'XAPURI', 1),
(74, 'PORTO ACRE', 1),
(75, 'ALVARAES', 3),
(76, 'AMATURA', 3),
(77, 'ANAMA', 3),
(78, 'ANORI', 3),
(79, 'APUI', 3),
(80, 'ATALAIA DO NORTE', 3),
(81, 'AUTAZES', 3),
(82, 'BARCELOS', 3),
(83, 'BARREIRINHA', 3),
(84, 'BENJAMIN CONSTANT', 3),
(85, 'BERURI', 3),
(86, 'BOA VISTA DO RAMOS', 3),
(87, 'BOCA DO ACRE', 3),
(88, 'BORBA', 3),
(89, 'CAAPIRANGA', 3),
(90, 'CANUTAMA', 3),
(91, 'CARAUARI', 3),
(92, 'CAREIRO', 3),
(93, 'CAREIRO DA VARZEA', 3),
(94, 'COARI', 3),
(95, 'CODAJAS', 3),
(96, 'EIRUNEPE', 3),
(97, 'ENVIRA', 3),
(98, 'FONTE BOA', 3),
(99, 'GUAJARA', 3),
(100, 'HUMAITA', 3),
(101, 'IPIXUNA', 3),
(102, 'IRANDUBA', 3),
(103, 'ITACOATIARA', 3),
(104, 'ITAMARATI', 3),
(105, 'ITAPIRANGA', 3),
(106, 'JAPURA', 3),
(107, 'JURUA', 3),
(108, 'JUTAI', 3),
(109, 'LABREA', 3),
(110, 'MANACAPURU', 3),
(111, 'MANAQUIRI', 3),
(112, 'MANAUS', 3),
(113, 'MANICORE', 3),
(114, 'MARAA', 3),
(115, 'MAUES', 3),
(116, 'NHAMUNDA', 3),
(117, 'NOVA OLINDA DO NORTE', 3),
(118, 'NOVO AIRAO', 3),
(119, 'NOVO ARIPUANA', 3),
(120, 'PARINTINS', 3),
(121, 'PAUINI', 3),
(122, 'PRESIDENTE FIGUEIREDO', 3),
(123, 'RIO PRETO DA EVA', 3),
(124, 'SANTA ISABEL DO RIO NEGRO', 3),
(125, 'SANTO ANTONIO DO ICA', 3),
(126, 'SAO GABRIEL DA CACHOEIRA', 3),
(127, 'SAO PAULO DE OLIVENCA', 3),
(128, 'SAO SEBASTIAO DO UATUMA', 3),
(129, 'SILVES', 3),
(130, 'TABATINGA', 3),
(131, 'TAPAUA', 3),
(132, 'TEFE', 3),
(133, 'TONANTINS', 3),
(134, 'UARINI', 3),
(135, 'URUCARA', 3),
(136, 'URUCURITUBA', 3),
(137, 'AMAJARI', 22),
(138, 'ALTO ALEGRE', 22),
(139, 'BOA VISTA', 22),
(140, 'BONFIM', 22),
(141, 'CANTA', 22),
(142, 'CARACARAI', 22),
(143, 'CAROEBE', 22),
(144, 'IRACEMA', 22),
(145, 'MUCAJAI', 22),
(146, 'NORMANDIA', 22),
(147, 'PACARAIMA', 22),
(148, 'RORAINOPOLIS', 22),
(149, 'SAO JOAO DA BALIZA', 22),
(150, 'SAO LUIZ', 22),
(151, 'UIRAMUTA', 22),
(152, 'ABAETETUBA', 14),
(153, 'ABEL FIGUEIREDO', 14),
(154, 'ACARA', 14),
(155, 'AFUA', 14),
(156, 'AGUA AZUL DO NORTE', 14),
(157, 'ALENQUER', 14),
(158, 'ALMEIRIM', 14),
(159, 'ALTAMIRA', 14),
(160, 'ANAJAS', 14),
(161, 'ANANINDEUA', 14),
(162, 'ANAPU', 14),
(163, 'AUGUSTO CORREA', 14),
(164, 'AURORA DO PARA', 14),
(165, 'AVEIRO', 14),
(166, 'BAGRE', 14),
(167, 'BAIAO', 14),
(168, 'BANNACH', 14),
(169, 'BARCARENA', 14),
(170, 'BELEM', 14),
(171, 'BELTERRA', 14),
(172, 'BENEVIDES', 14),
(173, 'BOM JESUS DO TOCANTINS', 14),
(174, 'BONITO', 14),
(175, 'BRAGANCA', 14),
(176, 'BRASIL NOVO', 14),
(177, 'BREJO GRANDE DO ARAGUAIA', 14),
(178, 'BREU BRANCO', 14),
(179, 'BREVES', 14),
(180, 'BUJARU', 14),
(181, 'CACHOEIRA DO PIRIA', 14),
(182, 'CACHOEIRA DO ARARI', 14),
(183, 'CAMETA', 14),
(184, 'CANAA DOS CARAJAS', 14),
(185, 'CAPANEMA', 14),
(186, 'CAPITAO POCO', 14),
(187, 'CASTANHAL', 14),
(188, 'CHAVES', 14),
(189, 'COLARES', 14),
(190, 'CONCEICAO DO ARAGUAIA', 14),
(191, 'CONCORDIA DO PARA', 14),
(192, 'CUMARU DO NORTE', 14),
(193, 'CURIONOPOLIS', 14),
(194, 'CURRALINHO', 14),
(195, 'CURUA', 14),
(196, 'CURUCA', 14),
(197, 'DOM ELISEU', 14),
(198, 'ELDORADO DOS CARAJAS', 14),
(199, 'FARO', 14),
(200, 'FLORESTA DO ARAGUAIA', 14),
(201, 'GARRAFAO DO NORTE', 14),
(202, 'GOIANESIA DO PARA', 14),
(203, 'GURUPA', 14),
(204, 'IGARAPE-ACU', 14),
(205, 'IGARAPE-MIRI', 14),
(206, 'INHANGAPI', 14),
(207, 'IPIXUNA DO PARA', 14),
(208, 'IRITUIA', 14),
(209, 'ITAITUBA', 14),
(210, 'ITUPIRANGA', 14),
(211, 'JACAREACANGA', 14),
(212, 'JACUNDA', 14),
(213, 'JURUTI', 14),
(214, 'LIMOEIRO DO AJURU', 14),
(215, 'MAE DO RIO', 14),
(216, 'MAGALHAES BARATA', 14),
(217, 'MARABA', 14),
(218, 'MARACANA', 14),
(219, 'MARAPANIM', 14),
(220, 'MARITUBA', 14),
(221, 'MEDICILANDIA', 14),
(222, 'MELGACO', 14),
(223, 'MOCAJUBA', 14),
(224, 'MOJU', 14),
(225, 'MONTE ALEGRE', 14),
(226, 'MUANA', 14),
(227, 'NOVA ESPERANCA DO PIRIA', 14),
(228, 'NOVA IPIXUNA', 14),
(229, 'NOVA TIMBOTEUA', 14),
(230, 'NOVO PROGRESSO', 14),
(231, 'NOVO REPARTIMENTO', 14),
(232, 'OBIDOS', 14),
(233, 'OEIRAS DO PARA', 14),
(234, 'ORIXIMINA', 14),
(235, 'OUREM', 14),
(236, 'OURILANDIA DO NORTE', 14),
(237, 'PACAJA', 14),
(238, 'PALESTINA DO PARA', 14),
(239, 'PARAGOMINAS', 14),
(240, 'PARAUAPEBAS', 14),
(241, 'PAU D''ARCO', 14),
(242, 'PEIXE-BOI', 14),
(243, 'PICARRA', 14),
(244, 'PLACAS', 14),
(245, 'PONTA DE PEDRAS', 14),
(246, 'PORTEL', 14),
(247, 'PORTO DE MOZ', 14),
(248, 'PRAINHA', 14),
(249, 'PRIMAVERA', 14),
(250, 'QUATIPURU', 14),
(251, 'REDENCAO', 14),
(252, 'RIO MARIA', 14),
(253, 'RONDON DO PARA', 14),
(254, 'RUROPOLIS', 14),
(255, 'SALINOPOLIS', 14),
(256, 'SALVATERRA', 14),
(257, 'SANTA BARBARA DO PARA', 14),
(258, 'SANTA CRUZ DO ARARI', 14),
(259, 'SANTA ISABEL DO PARA', 14),
(260, 'SANTA LUZIA DO PARA', 14),
(261, 'SANTA MARIA DAS BARREIRAS', 14),
(262, 'SANTA MARIA DO PARA', 14),
(263, 'SANTANA DO ARAGUAIA', 14),
(264, 'SANTAREM', 14),
(265, 'SANTAREM NOVO', 14),
(266, 'SANTO ANTONIO DO TAUA', 14),
(267, 'SAO CAETANO DE ODIVELAS', 14),
(268, 'SAO DOMINGOS DO ARAGUAIA', 14),
(269, 'SAO DOMINGOS DO CAPIM', 14),
(270, 'SAO FELIX DO XINGU', 14),
(271, 'SAO FRANCISCO DO PARA', 14),
(272, 'SAO GERALDO DO ARAGUAIA', 14),
(273, 'SAO JOAO DA PONTA', 14),
(274, 'SAO JOAO DE PIRABAS', 14),
(275, 'SAO JOAO DO ARAGUAIA', 14),
(276, 'SAO MIGUEL DO GUAMA', 14),
(277, 'SAO SEBASTIAO DA BOA VISTA', 14),
(278, 'SAPUCAIA', 14),
(279, 'SENADOR JOSE PORFIRIO', 14),
(280, 'SOURE', 14),
(281, 'TAILANDIA', 14),
(282, 'TERRA ALTA', 14),
(283, 'TERRA SANTA', 14),
(284, 'TOME-ACU', 14),
(285, 'TRACUATEUA', 14),
(286, 'TRAIRAO', 14),
(287, 'TUCUMA', 14),
(288, 'TUCURUI', 14),
(289, 'ULIANOPOLIS', 14),
(290, 'URUARA', 14),
(291, 'VIGIA', 14),
(292, 'VISEU', 14),
(293, 'VITORIA DO XINGU', 14),
(294, 'XINGUARA', 14),
(295, 'SERRA DO NAVIO', 4),
(296, 'AMAPA', 4),
(297, 'PEDRA BRANCA DO AMAPARI', 4),
(298, 'CALCOENE', 4),
(299, 'CUTIAS', 4),
(300, 'FERREIRA GOMES', 4),
(301, 'ITAUBAL', 4),
(302, 'LARANJAL DO JARI', 4),
(303, 'MACAPA', 4),
(304, 'MAZAGAO', 4),
(305, 'OIAPOQUE', 4),
(306, 'PORTO GRANDE', 4),
(307, 'PRACUUBA', 4),
(308, 'SANTANA', 4),
(309, 'TARTARUGALZINHO', 4),
(310, 'VITORIA DO JARI', 4),
(311, 'ABREULANDIA', 27),
(312, 'AGUIARNOPOLIS', 27),
(313, 'ALIANCA DO TOCANTINS', 27),
(314, 'ALMAS', 27),
(315, 'ALVORADA', 27),
(316, 'ANANAS', 27),
(317, 'ANGICO', 27),
(318, 'APARECIDA DO RIO NEGRO', 27),
(319, 'ARAGOMINAS', 27),
(320, 'ARAGUACEMA', 27),
(321, 'ARAGUACU', 27),
(322, 'ARAGUAINA', 27),
(323, 'ARAGUANA', 27),
(324, 'ARAGUATINS', 27),
(325, 'ARAPOEMA', 27),
(326, 'ARRAIAS', 27),
(327, 'AUGUSTINOPOLIS', 27),
(328, 'AURORA DO TOCANTINS', 27),
(329, 'AXIXA DO TOCANTINS', 27),
(330, 'BABACULANDIA', 27),
(331, 'BANDEIRANTES DO TOCANTINS', 27),
(332, 'BARRA DO OURO', 27),
(333, 'BARROLANDIA', 27),
(334, 'BERNARDO SAYAO', 27),
(335, 'BOM JESUS DO TOCANTINS', 27),
(336, 'BRASILANDIA DO TOCANTINS', 27),
(337, 'BREJINHO DE NAZARE', 27),
(338, 'BURITI DO TOCANTINS', 27),
(339, 'CACHOEIRINHA', 27),
(340, 'CAMPOS LINDOS', 27),
(341, 'CARIRI DO TOCANTINS', 27),
(342, 'CARMOLANDIA', 27),
(343, 'CARRASCO BONITO', 27),
(344, 'CASEARA', 27),
(345, 'CENTENARIO', 27),
(346, 'CHAPADA DE AREIA', 27),
(347, 'CHAPADA DA NATIVIDADE', 27),
(348, 'COLINAS DO TOCANTINS', 27),
(349, 'COMBINADO', 27),
(350, 'CONCEICAO DO TOCANTINS', 27),
(351, 'COUTO MAGALHAES', 27),
(352, 'CRISTALANDIA', 27),
(353, 'CRIXAS DO TOCANTINS', 27),
(354, 'DARCINOPOLIS', 27),
(355, 'DIANOPOLIS', 27),
(356, 'DIVINOPOLIS DO TOCANTINS', 27),
(357, 'DOIS IRMAOS DO TOCANTINS', 27),
(358, 'DUERE', 27),
(359, 'ESPERANTINA', 27),
(360, 'FATIMA', 27),
(361, 'FIGUEIROPOLIS', 27),
(362, 'FILADELFIA', 27),
(363, 'FORMOSO DO ARAGUAIA', 27),
(364, 'FORTALEZA DO TABOCAO', 27),
(365, 'GOIANORTE', 27),
(366, 'GOIATINS', 27),
(367, 'GUARAI', 27),
(368, 'GURUPI', 27),
(369, 'IPUEIRAS', 27),
(370, 'ITACAJA', 27),
(371, 'ITAGUATINS', 27),
(372, 'ITAPIRATINS', 27),
(373, 'ITAPORA DO TOCANTINS', 27),
(374, 'JAU DO TOCANTINS', 27),
(375, 'JUARINA', 27),
(376, 'LAGOA DA CONFUSAO', 27),
(377, 'LAGOA DO TOCANTINS', 27),
(378, 'LAJEADO', 27),
(379, 'LAVANDEIRA', 27),
(380, 'LIZARDA', 27),
(381, 'LUZINOPOLIS', 27),
(382, 'MARIANOPOLIS DO TOCANTINS', 27),
(383, 'MATEIROS', 27),
(384, 'MAURILANDIA DO TOCANTINS', 27),
(385, 'MIRACEMA DO TOCANTINS', 27),
(386, 'MIRANORTE', 27),
(387, 'MONTE DO CARMO', 27),
(388, 'MONTE SANTO DO TOCANTINS', 27),
(389, 'PALMEIRAS DO TOCANTINS', 27),
(390, 'MURICILANDIA', 27),
(391, 'NATIVIDADE', 27),
(392, 'NAZARE', 27),
(393, 'NOVA OLINDA', 27),
(394, 'NOVA ROSALANDIA', 27),
(395, 'NOVO ACORDO', 27),
(396, 'NOVO ALEGRE', 27),
(397, 'NOVO JARDIM', 27),
(398, 'OLIVEIRA DE FATIMA', 27),
(399, 'PALMEIRANTE', 27),
(400, 'PALMEIROPOLIS', 27),
(401, 'PARAISO DO TOCANTINS', 27),
(402, 'PARANA', 27),
(403, 'PAU D''ARCO', 27),
(404, 'PEDRO AFONSO', 27),
(405, 'PEIXE', 27),
(406, 'PEQUIZEIRO', 27),
(407, 'COLMEIA', 27),
(408, 'PINDORAMA DO TOCANTINS', 27),
(409, 'PIRAQUE', 27),
(410, 'PIUM', 27),
(411, 'PONTE ALTA DO BOM JESUS', 27),
(412, 'PONTE ALTA DO TOCANTINS', 27),
(413, 'PORTO ALEGRE DO TOCANTINS', 27),
(414, 'PORTO NACIONAL', 27),
(415, 'PRAIA NORTE', 27),
(416, 'PRESIDENTE KENNEDY', 27),
(417, 'PUGMIL', 27),
(418, 'RECURSOLANDIA', 27),
(419, 'RIACHINHO', 27),
(420, 'RIO DA CONCEICAO', 27),
(421, 'RIO DOS BOIS', 27),
(422, 'RIO SONO', 27),
(423, 'SAMPAIO', 27),
(424, 'SANDOLANDIA', 27),
(425, 'SANTA FE DO ARAGUAIA', 27),
(426, 'SANTA MARIA DO TOCANTINS', 27),
(427, 'SANTA RITA DO TOCANTINS', 27),
(428, 'SANTA ROSA DO TOCANTINS', 27),
(429, 'SANTA TEREZA DO TOCANTINS', 27),
(430, 'SANTA TEREZINHA DO TOCANTINS', 27),
(431, 'SAO BENTO DO TOCANTINS', 27),
(432, 'SAO FELIX DO TOCANTINS', 27),
(433, 'SAO MIGUEL DO TOCANTINS', 27),
(434, 'SAO SALVADOR DO TOCANTINS', 27),
(435, 'SAO SEBASTIAO DO TOCANTINS', 27),
(436, 'SAO VALERIO DA NATIVIDADE', 27),
(437, 'SILVANOPOLIS', 27),
(438, 'SITIO NOVO DO TOCANTINS', 27),
(439, 'SUCUPIRA', 27),
(440, 'TAGUATINGA', 27),
(441, 'TAIPAS DO TOCANTINS', 27),
(442, 'TALISMA', 27),
(443, 'PALMAS', 27),
(444, 'TOCANTINIA', 27),
(445, 'TOCANTINOPOLIS', 27),
(446, 'TUPIRAMA', 27),
(447, 'TUPIRATINS', 27),
(448, 'WANDERLANDIA', 27),
(449, 'XAMBIOA', 27),
(450, 'ACAILANDIA', 10),
(451, 'AFONSO CUNHA', 10),
(452, 'AGUA DOCE DO MARANHAO', 10),
(453, 'ALCANTARA', 10),
(454, 'ALDEIAS ALTAS', 10),
(455, 'ALTAMIRA DO MARANHAO', 10),
(456, 'ALTO ALEGRE DO MARANHAO', 10),
(457, 'ALTO ALEGRE DO PINDARE', 10),
(458, 'ALTO PARNAIBA', 10),
(459, 'AMAPA DO MARANHAO', 10),
(460, 'AMARANTE DO MARANHAO', 10),
(461, 'ANAJATUBA', 10),
(462, 'ANAPURUS', 10),
(463, 'APICUM-ACU', 10),
(464, 'ARAGUANA', 10),
(465, 'ARAIOSES', 10),
(466, 'ARAME', 10),
(467, 'ARARI', 10),
(468, 'AXIXA', 10),
(469, 'BACABAL', 10),
(470, 'BACABEIRA', 10),
(471, 'BACURI', 10),
(472, 'BACURITUBA', 10),
(473, 'BALSAS', 10),
(474, 'BARAO DE GRAJAU', 10),
(475, 'BARRA DO CORDA', 10),
(476, 'BARREIRINHAS', 10),
(477, 'BELAGUA', 10),
(478, 'BELA VISTA DO MARANHAO', 10),
(479, 'BENEDITO LEITE', 10),
(480, 'BEQUIMAO', 10),
(481, 'BERNARDO DO MEARIM', 10),
(482, 'BOA VISTA DO GURUPI', 10),
(483, 'BOM JARDIM', 10),
(484, 'BOM JESUS DAS SELVAS', 10),
(485, 'BOM LUGAR', 10),
(486, 'BREJO', 10),
(487, 'BREJO DE AREIA', 10),
(488, 'BURITI', 10),
(489, 'BURITI BRAVO', 10),
(490, 'BURITICUPU', 10),
(491, 'BURITIRANA', 10),
(492, 'CACHOEIRA GRANDE', 10),
(493, 'CAJAPIO', 10),
(494, 'CAJARI', 10),
(495, 'CAMPESTRE DO MARANHAO', 10),
(496, 'CANDIDO MENDES', 10),
(497, 'CANTANHEDE', 10),
(498, 'CAPINZAL DO NORTE', 10),
(499, 'CAROLINA', 10),
(500, 'CARUTAPERA', 10),
(501, 'CAXIAS', 10),
(502, 'CEDRAL', 10),
(503, 'CENTRAL DO MARANHAO', 10),
(504, 'CENTRO DO GUILHERME', 10),
(505, 'CENTRO NOVO DO MARANHAO', 10),
(506, 'CHAPADINHA', 10),
(507, 'CIDELANDIA', 10),
(508, 'CODO', 10),
(509, 'COELHO NETO', 10),
(510, 'COLINAS', 10),
(511, 'CONCEICAO DO LAGO-ACU', 10),
(512, 'COROATA', 10),
(513, 'CURURUPU', 10),
(514, 'DAVINOPOLIS', 10),
(515, 'DOM PEDRO', 10),
(516, 'DUQUE BACELAR', 10),
(517, 'ESPERANTINOPOLIS', 10),
(518, 'ESTREITO', 10),
(519, 'FEIRA NOVA DO MARANHAO', 10),
(520, 'FERNANDO FALCAO', 10),
(521, 'FORMOSA DA SERRA NEGRA', 10),
(522, 'FORTALEZA DOS NOGUEIRAS', 10),
(523, 'FORTUNA', 10),
(524, 'GODOFREDO VIANA', 10),
(525, 'GONCALVES DIAS', 10),
(526, 'GOVERNADOR ARCHER', 10),
(527, 'GOVERNADOR EDISON LOBAO', 10),
(528, 'GOVERNADOR EUGENIO BARROS', 10),
(529, 'GOVERNADOR LUIZ ROCHA', 10),
(530, 'GOVERNADOR NEWTON BELLO', 10),
(531, 'GOVERNADOR NUNES FREIRE', 10),
(532, 'GRACA ARANHA', 10),
(533, 'GRAJAU', 10),
(534, 'GUIMARAES', 10),
(535, 'HUMBERTO DE CAMPOS', 10),
(536, 'ICATU', 10),
(537, 'IGARAPE DO MEIO', 10),
(538, 'IGARAPE GRANDE', 10),
(539, 'IMPERATRIZ', 10),
(540, 'ITAIPAVA DO GRAJAU', 10),
(541, 'ITAPECURU MIRIM', 10),
(542, 'ITINGA DO MARANHAO', 10),
(543, 'JATOBA', 10),
(544, 'JENIPAPO DOS VIEIRAS', 10),
(545, 'JOAO LISBOA', 10),
(546, 'JOSELANDIA', 10),
(547, 'JUNCO DO MARANHAO', 10),
(548, 'LAGO DA PEDRA', 10),
(549, 'LAGO DO JUNCO', 10),
(550, 'LAGO VERDE', 10),
(551, 'LAGOA DO MATO', 10),
(552, 'LAGO DOS RODRIGUES', 10),
(553, 'LAGOA GRANDE DO MARANHAO', 10),
(554, 'LAJEADO NOVO', 10),
(555, 'LIMA CAMPOS', 10),
(556, 'LORETO', 10),
(557, 'LUIS DOMINGUES', 10),
(558, 'MAGALHAES DE ALMEIDA', 10),
(559, 'MARACACUME', 10),
(560, 'MARAJA DO SENA', 10),
(561, 'MARANHAOZINHO', 10),
(562, 'MATA ROMA', 10),
(563, 'MATINHA', 10),
(564, 'MATOES', 10),
(565, 'MATOES DO NORTE', 10),
(566, 'MILAGRES DO MARANHAO', 10),
(567, 'MIRADOR', 10),
(568, 'MIRANDA DO NORTE', 10),
(569, 'MIRINZAL', 10),
(570, 'MONCAO', 10),
(571, 'MONTES ALTOS', 10),
(572, 'MORROS', 10),
(573, 'NINA RODRIGUES', 10),
(574, 'NOVA COLINAS', 10),
(575, 'NOVA IORQUE', 10),
(576, 'NOVA OLINDA DO MARANHAO', 10),
(577, 'OLHO D''AGUA DAS CUNHAS', 10),
(578, 'OLINDA NOVA DO MARANHAO', 10),
(579, 'PACO DO LUMIAR', 10),
(580, 'PALMEIRANDIA', 10),
(581, 'PARAIBANO', 10),
(582, 'PARNARAMA', 10),
(583, 'PASSAGEM FRANCA', 10),
(584, 'PASTOS BONS', 10),
(585, 'PAULINO NEVES', 10),
(586, 'PAULO RAMOS', 10),
(587, 'PEDREIRAS', 10),
(588, 'PEDRO DO ROSARIO', 10),
(589, 'PENALVA', 10),
(590, 'PERI MIRIM', 10),
(591, 'PERITORO', 10),
(592, 'PINDARE-MIRIM', 10),
(593, 'PINHEIRO', 10),
(594, 'PIO XII', 10),
(595, 'PIRAPEMAS', 10),
(596, 'POCAO DE PEDRAS', 10),
(597, 'PORTO FRANCO', 10),
(598, 'PORTO RICO DO MARANHAO', 10),
(599, 'PRESIDENTE DUTRA', 10),
(600, 'PRESIDENTE JUSCELINO', 10),
(601, 'PRESIDENTE MEDICI', 10),
(602, 'PRESIDENTE SARNEY', 10),
(603, 'PRESIDENTE VARGAS', 10),
(604, 'PRIMEIRA CRUZ', 10),
(605, 'RAPOSA', 10),
(606, 'RIACHAO', 10),
(607, 'RIBAMAR FIQUENE', 10),
(608, 'ROSARIO', 10),
(609, 'SAMBAIBA', 10),
(610, 'SANTA FILOMENA DO MARANHAO', 10),
(611, 'SANTA HELENA', 10),
(612, 'SANTA INES', 10),
(613, 'SANTA LUZIA', 10),
(614, 'SANTA LUZIA DO PARUA', 10),
(615, 'SANTA QUITERIA DO MARANHAO', 10),
(616, 'SANTA RITA', 10),
(617, 'SANTANA DO MARANHAO', 10),
(618, 'SANTO AMARO DO MARANHAO', 10),
(619, 'SANTO ANTONIO DOS LOPES', 10),
(620, 'SAO BENEDITO DO RIO PRETO', 10),
(621, 'SAO BENTO', 10),
(622, 'SAO BERNARDO', 10),
(623, 'SAO DOMINGOS DO AZEITAO', 10),
(624, 'SAO DOMINGOS DO MARANHAO', 10),
(625, 'SAO FELIX DE BALSAS', 10),
(626, 'SAO FRANCISCO DO BREJAO', 10),
(627, 'SAO FRANCISCO DO MARANHAO', 10),
(628, 'SAO JOAO BATISTA', 10),
(629, 'SAO JOAO DO CARU', 10),
(630, 'SAO JOAO DO PARAISO', 10),
(631, 'SAO JOAO DO SOTER', 10),
(632, 'SAO JOAO DOS PATOS', 10),
(633, 'SAO JOSE DE RIBAMAR', 10),
(634, 'SAO JOSE DOS BASILIOS', 10),
(635, 'SAO LUIS', 10),
(636, 'SAO LUIS GONZAGA DO MARANHAO', 10),
(637, 'SAO MATEUS DO MARANHAO', 10),
(638, 'SAO PEDRO DA AGUA BRANCA', 10),
(639, 'SAO PEDRO DOS CRENTES', 10),
(640, 'SAO RAIMUNDO DAS MANGABEIRAS', 10),
(641, 'SAO RAIMUNDO DO DOCA BEZERRA', 10),
(642, 'SAO ROBERTO', 10),
(643, 'SAO VICENTE FERRER', 10),
(644, 'SATUBINHA', 10),
(645, 'SENADOR ALEXANDRE COSTA', 10),
(646, 'SENADOR LA ROCQUE', 10),
(647, 'SERRANO DO MARANHAO', 10),
(648, 'SITIO NOVO', 10),
(649, 'SUCUPIRA DO NORTE', 10),
(650, 'SUCUPIRA DO RIACHAO', 10),
(651, 'TASSO FRAGOSO', 10),
(652, 'TIMBIRAS', 10),
(653, 'TIMON', 10),
(654, 'TRIZIDELA DO VALE', 10),
(655, 'TUFILANDIA', 10),
(656, 'TUNTUM', 10),
(657, 'TURIACU', 10),
(658, 'TURILANDIA', 10),
(659, 'TUTOIA', 10),
(660, 'URBANO SANTOS', 10),
(661, 'VARGEM GRANDE', 10),
(662, 'VIANA', 10),
(663, 'VILA NOVA DOS MARTIRIOS', 10),
(664, 'VITORIA DO MEARIM', 10),
(665, 'VITORINO FREIRE', 10),
(666, 'ZE DOCA', 10),
(667, 'ACAUA', 17),
(668, 'AGRICOLANDIA', 17),
(669, 'AGUA BRANCA', 17),
(670, 'ALAGOINHA DO PIAUI', 17),
(671, 'ALEGRETE DO PIAUI', 17),
(672, 'ALTO LONGA', 17),
(673, 'ALTOS', 17),
(674, 'ALVORADA DO GURGUEIA', 17),
(675, 'AMARANTE', 17),
(676, 'ANGICAL DO PIAUI', 17),
(677, 'ANISIO DE ABREU', 17),
(678, 'ANTONIO ALMEIDA', 17),
(679, 'AROAZES', 17),
(680, 'AROEIRAS DO ITAIM', 17),
(681, 'ARRAIAL', 17),
(682, 'ASSUNCAO DO PIAUI', 17),
(683, 'AVELINO LOPES', 17),
(684, 'BAIXA GRANDE DO RIBEIRO', 17),
(685, 'BARRA D''ALCANTARA', 17),
(686, 'BARRAS', 17),
(687, 'BARREIRAS DO PIAUI', 17),
(688, 'BARRO DURO', 17),
(689, 'BATALHA', 17),
(690, 'BELA VISTA DO PIAUI', 17),
(691, 'BELEM DO PIAUI', 17),
(692, 'BENEDITINOS', 17),
(693, 'BERTOLINIA', 17),
(694, 'BETANIA DO PIAUI', 17),
(695, 'BOA HORA', 17),
(696, 'BOCAINA', 17),
(697, 'BOM JESUS', 17),
(698, 'BOM PRINCIPIO DO PIAUI', 17),
(699, 'BONFIM DO PIAUI', 17),
(700, 'BOQUEIRAO DO PIAUI', 17),
(701, 'BRASILEIRA', 17),
(702, 'BREJO DO PIAUI', 17),
(703, 'BURITI DOS LOPES', 17),
(704, 'BURITI DOS MONTES', 17),
(705, 'CABECEIRAS DO PIAUI', 17),
(706, 'CAJAZEIRAS DO PIAUI', 17),
(707, 'CAJUEIRO DA PRAIA', 17),
(708, 'CALDEIRAO GRANDE DO PIAUI', 17),
(709, 'CAMPINAS DO PIAUI', 17),
(710, 'CAMPO ALEGRE DO FIDALGO', 17),
(711, 'CAMPO GRANDE DO PIAUI', 17),
(712, 'CAMPO LARGO DO PIAUI', 17),
(713, 'CAMPO MAIOR', 17),
(714, 'CANAVIEIRA', 17),
(715, 'CANTO DO BURITI', 17),
(716, 'CAPITAO DE CAMPOS', 17),
(717, 'CAPITAO GERVASIO OLIVEIRA', 17),
(718, 'CARACOL', 17),
(719, 'CARAUBAS DO PIAUI', 17),
(720, 'CARIDADE DO PIAUI', 17),
(721, 'CASTELO DO PIAUI', 17),
(722, 'CAXINGO', 17),
(723, 'COCAL', 17),
(724, 'COCAL DE TELHA', 17),
(725, 'COCAL DOS ALVES', 17),
(726, 'COIVARAS', 17),
(727, 'COLONIA DO GURGUEIA', 17),
(728, 'COLONIA DO PIAUI', 17),
(729, 'CONCEICAO DO CANINDE', 17),
(730, 'CORONEL JOSE DIAS', 17),
(731, 'CORRENTE', 17),
(732, 'CRISTALANDIA DO PIAUI', 17),
(733, 'CRISTINO CASTRO', 17),
(734, 'CURIMATA', 17),
(735, 'CURRAIS', 17),
(736, 'CURRALINHOS', 17),
(737, 'CURRAL NOVO DO PIAUI', 17),
(738, 'DEMERVAL LOBAO', 17),
(739, 'DIRCEU ARCOVERDE', 17),
(740, 'DOM EXPEDITO LOPES', 17),
(741, 'DOMINGOS MOURAO', 17),
(742, 'DOM INOCENCIO', 17),
(743, 'ELESBAO VELOSO', 17),
(744, 'ELISEU MARTINS', 17),
(745, 'ESPERANTINA', 17),
(746, 'FARTURA DO PIAUI', 17),
(747, 'FLORES DO PIAUI', 17),
(748, 'FLORESTA DO PIAUI', 17),
(749, 'FLORIANO', 17),
(750, 'FRANCINOPOLIS', 17),
(751, 'FRANCISCO AYRES', 17),
(752, 'FRANCISCO MACEDO', 17),
(753, 'FRANCISCO SANTOS', 17),
(754, 'FRONTEIRAS', 17),
(755, 'GEMINIANO', 17),
(756, 'GILBUES', 17),
(757, 'GUADALUPE', 17),
(758, 'GUARIBAS', 17),
(759, 'HUGO NAPOLEAO', 17),
(760, 'ILHA GRANDE', 17),
(761, 'INHUMA', 17),
(762, 'IPIRANGA DO PIAUI', 17),
(763, 'ISAIAS COELHO', 17),
(764, 'ITAINOPOLIS', 17),
(765, 'ITAUEIRA', 17),
(766, 'JACOBINA DO PIAUI', 17),
(767, 'JAICOS', 17),
(768, 'JARDIM DO MULATO', 17),
(769, 'JATOBA DO PIAUI', 17),
(770, 'JERUMENHA', 17),
(771, 'JOAO COSTA', 17),
(772, 'JOAQUIM PIRES', 17),
(773, 'JOCA MARQUES', 17),
(774, 'JOSE DE FREITAS', 17),
(775, 'JUAZEIRO DO PIAUI', 17),
(776, 'JULIO BORGES', 17),
(777, 'JUREMA', 17),
(778, 'LAGOINHA DO PIAUI', 17),
(779, 'LAGOA ALEGRE', 17),
(780, 'LAGOA DO BARRO DO PIAUI', 17),
(781, 'LAGOA DE SAO FRANCISCO', 17),
(782, 'LAGOA DO PIAUI', 17),
(783, 'LAGOA DO SITIO', 17),
(784, 'LANDRI SALES', 17),
(785, 'LUIS CORREIA', 17),
(786, 'LUZILANDIA', 17),
(787, 'MADEIRO', 17),
(788, 'MANOEL EMIDIO', 17),
(789, 'MARCOLANDIA', 17),
(790, 'MARCOS PARENTE', 17),
(791, 'MASSAPE DO PIAUI', 17),
(792, 'MATIAS OLIMPIO', 17),
(793, 'MIGUEL ALVES', 17),
(794, 'MIGUEL LEAO', 17),
(795, 'MILTON BRANDAO', 17),
(796, 'MONSENHOR GIL', 17),
(797, 'MONSENHOR HIPOLITO', 17),
(798, 'MONTE ALEGRE DO PIAUI', 17),
(799, 'MORRO CABECA NO TEMPO', 17),
(800, 'MORRO DO CHAPEU DO PIAUI', 17),
(801, 'MURICI DOS PORTELAS', 17),
(802, 'NAZARE DO PIAUI', 17),
(803, 'NAZARIA', 17),
(804, 'NOSSA SENHORA DE NAZARE', 17),
(805, 'NOSSA SENHORA DOS REMEDIOS', 17),
(806, 'NOVO ORIENTE DO PIAUI', 17),
(807, 'NOVO SANTO ANTONIO', 17),
(808, 'OEIRAS', 17),
(809, 'OLHO D''AGUA DO PIAUI', 17),
(810, 'PADRE MARCOS', 17),
(811, 'PAES LANDIM', 17),
(812, 'PAJEU DO PIAUI', 17),
(813, 'PALMEIRA DO PIAUI', 17),
(814, 'PALMEIRAIS', 17),
(815, 'PAQUETA', 17),
(816, 'PARNAGUA', 17),
(817, 'PARNAIBA', 17),
(818, 'PASSAGEM FRANCA DO PIAUI', 17),
(819, 'PATOS DO PIAUI', 17),
(820, 'PAU D''ARCO DO PIAUI', 17),
(821, 'PAULISTANA', 17),
(822, 'PAVUSSU', 17),
(823, 'PEDRO II', 17),
(824, 'PEDRO LAURENTINO', 17),
(825, 'NOVA SANTA RITA', 17),
(826, 'PICOS', 17),
(827, 'PIMENTEIRAS', 17),
(828, 'PIO IX', 17),
(829, 'PIRACURUCA', 17),
(830, 'PIRIPIRI', 17),
(831, 'PORTO', 17),
(832, 'PORTO ALEGRE DO PIAUI', 17),
(833, 'PRATA DO PIAUI', 17),
(834, 'QUEIMADA NOVA', 17),
(835, 'REDENCAO DO GURGUEIA', 17),
(836, 'REGENERACAO', 17),
(837, 'RIACHO FRIO', 17),
(838, 'RIBEIRA DO PIAUI', 17),
(839, 'RIBEIRO GONCALVES', 17),
(840, 'RIO GRANDE DO PIAUI', 17),
(841, 'SANTA CRUZ DO PIAUI', 17),
(842, 'SANTA CRUZ DOS MILAGRES', 17),
(843, 'SANTA FILOMENA', 17),
(844, 'SANTA LUZ', 17),
(845, 'SANTANA DO PIAUI', 17),
(846, 'SANTA ROSA DO PIAUI', 17),
(847, 'SANTO ANTONIO DE LISBOA', 17),
(848, 'SANTO ANTONIO DOS MILAGRES', 17),
(849, 'SANTO INACIO DO PIAUI', 17),
(850, 'SAO BRAZ DO PIAUI', 17),
(851, 'SAO FELIX DO PIAUI', 17),
(852, 'SAO FRANCISCO DE ASSIS DO PIAUI', 17),
(853, 'SAO FRANCISCO DO PIAUI', 17),
(854, 'SAO GONCALO DO GURGUEIA', 17),
(855, 'SAO GONCALO DO PIAUI', 17),
(856, 'SAO JOAO DA CANABRAVA', 17),
(857, 'SAO JOAO DA FRONTEIRA', 17),
(858, 'SAO JOAO DA SERRA', 17),
(859, 'SAO JOAO DA VARJOTA', 17),
(860, 'SAO JOAO DO ARRAIAL', 17),
(861, 'SAO JOAO DO PIAUI', 17),
(862, 'SAO JOSE DO DIVINO', 17),
(863, 'SAO JOSE DO PEIXE', 17),
(864, 'SAO JOSE DO PIAUI', 17),
(865, 'SAO JULIAO', 17),
(866, 'SAO LOURENCO DO PIAUI', 17),
(867, 'SAO LUIS DO PIAUI', 17),
(868, 'SAO MIGUEL DA BAIXA GRANDE', 17),
(869, 'SAO MIGUEL DO FIDALGO', 17),
(870, 'SAO MIGUEL DO TAPUIO', 17),
(871, 'SAO PEDRO DO PIAUI', 17),
(872, 'SAO RAIMUNDO NONATO', 17),
(873, 'SEBASTIAO BARROS', 17),
(874, 'SEBASTIAO LEAL', 17),
(875, 'SIGEFREDO PACHECO', 17),
(876, 'SIMOES', 17),
(877, 'SIMPLICIO MENDES', 17),
(878, 'SOCORRO DO PIAUI', 17),
(879, 'SUSSUAPARA', 17),
(880, 'TAMBORIL DO PIAUI', 17),
(881, 'TANQUE DO PIAUI', 17),
(882, 'TERESINA', 17),
(883, 'UNIAO', 17),
(884, 'URUCUI', 17),
(885, 'VALENCA DO PIAUI', 17),
(886, 'VARZEA BRANCA', 17),
(887, 'VARZEA GRANDE', 17),
(888, 'VERA MENDES', 17),
(889, 'VILA NOVA DO PIAUI', 17),
(890, 'WALL FERRAZ', 17),
(891, 'ABAIARA', 6),
(892, 'ACARAPE', 6),
(893, 'ACARAU', 6),
(894, 'ACOPIARA', 6),
(895, 'AIUABA', 6),
(896, 'ALCANTARAS', 6),
(897, 'ALTANEIRA', 6),
(898, 'ALTO SANTO', 6),
(899, 'AMONTADA', 6),
(900, 'ANTONINA DO NORTE', 6),
(901, 'APUIARES', 6),
(902, 'AQUIRAZ', 6),
(903, 'ARACATI', 6),
(904, 'ARACOIABA', 6),
(905, 'ARARENDA', 6),
(906, 'ARARIPE', 6),
(907, 'ARATUBA', 6),
(908, 'ARNEIROZ', 6),
(909, 'ASSARE', 6),
(910, 'AURORA', 6),
(911, 'BAIXIO', 6),
(912, 'BANABUIU', 6),
(913, 'BARBALHA', 6),
(914, 'BARREIRA', 6),
(915, 'BARRO', 6),
(916, 'BARROQUINHA', 6),
(917, 'BATURITE', 6),
(918, 'BEBERIBE', 6),
(919, 'BELA CRUZ', 6),
(920, 'BOA VIAGEM', 6),
(921, 'BREJO SANTO', 6),
(922, 'CAMOCIM', 6),
(923, 'CAMPOS SALES', 6),
(924, 'CANINDE', 6),
(925, 'CAPISTRANO', 6),
(926, 'CARIDADE', 6),
(927, 'CARIRE', 6),
(928, 'CARIRIACU', 6),
(929, 'CARIUS', 6),
(930, 'CARNAUBAL', 6),
(931, 'CASCAVEL', 6),
(932, 'CATARINA', 6),
(933, 'CATUNDA', 6),
(934, 'CAUCAIA', 6),
(935, 'CEDRO', 6),
(936, 'CHAVAL', 6),
(937, 'CHORO', 6),
(938, 'CHOROZINHO', 6),
(939, 'COREAU', 6),
(940, 'CRATEUS', 6),
(941, 'CRATO', 6),
(942, 'CROATA', 6),
(943, 'CRUZ', 6),
(944, 'DEPUTADO IRAPUAN PINHEIRO', 6),
(945, 'ERERE', 6),
(946, 'EUSEBIO', 6),
(947, 'FARIAS BRITO', 6),
(948, 'FORQUILHA', 6),
(949, 'FORTALEZA', 6),
(950, 'FORTIM', 6),
(951, 'FRECHEIRINHA', 6),
(952, 'GENERAL SAMPAIO', 6),
(953, 'GRACA', 6),
(954, 'GRANJA', 6),
(955, 'GRANJEIRO', 6),
(956, 'GROAIRAS', 6),
(957, 'GUAIUBA', 6),
(958, 'GUARACIABA DO NORTE', 6),
(959, 'GUARAMIRANGA', 6),
(960, 'HIDROLANDIA', 6),
(961, 'HORIZONTE', 6),
(962, 'IBARETAMA', 6),
(963, 'IBIAPINA', 6),
(964, 'IBICUITINGA', 6),
(965, 'ICAPUI', 6),
(966, 'ICO', 6),
(967, 'IGUATU', 6),
(968, 'INDEPENDENCIA', 6),
(969, 'IPAPORANGA', 6),
(970, 'IPAUMIRIM', 6),
(971, 'IPU', 6),
(972, 'IPUEIRAS', 6),
(973, 'IRACEMA', 6),
(974, 'IRAUCUBA', 6),
(975, 'ITAICABA', 6),
(976, 'ITAITINGA', 6),
(977, 'ITAPAGE', 6),
(978, 'ITAPIPOCA', 6),
(979, 'ITAPIUNA', 6),
(980, 'ITAREMA', 6),
(981, 'ITATIRA', 6),
(982, 'JAGUARETAMA', 6),
(983, 'JAGUARIBARA', 6),
(984, 'JAGUARIBE', 6),
(985, 'JAGUARUANA', 6),
(986, 'JARDIM', 6),
(987, 'JATI', 6),
(988, 'JIJOCA DE JERICOACOARA', 6),
(989, 'JUAZEIRO DO NORTE', 6),
(990, 'JUCAS', 6),
(991, 'LAVRAS DA MANGABEIRA', 6),
(992, 'LIMOEIRO DO NORTE', 6),
(993, 'MADALENA', 6),
(994, 'MARACANAU', 6),
(995, 'MARANGUAPE', 6),
(996, 'MARCO', 6),
(997, 'MARTINOPOLE', 6),
(998, 'MASSAPE', 6),
(999, 'MAURITI', 6),
(1000, 'MERUOCA', 6),
(1001, 'MILAGRES', 6),
(1002, 'MILHA', 6),
(1003, 'MIRAIMA', 6),
(1004, 'MISSAO VELHA', 6),
(1005, 'MOMBACA', 6),
(1006, 'MONSENHOR TABOSA', 6),
(1007, 'MORADA NOVA', 6),
(1008, 'MORAUJO', 6),
(1009, 'MORRINHOS', 6),
(1010, 'MUCAMBO', 6),
(1011, 'MULUNGU', 6),
(1012, 'NOVA OLINDA', 6),
(1013, 'NOVA RUSSAS', 6),
(1014, 'NOVO ORIENTE', 6),
(1015, 'OCARA', 6),
(1016, 'OROS', 6),
(1017, 'PACAJUS', 6),
(1018, 'PACATUBA', 6),
(1019, 'PACOTI', 6),
(1020, 'PACUJA', 6),
(1021, 'PALHANO', 6),
(1022, 'PALMACIA', 6),
(1023, 'PARACURU', 6),
(1024, 'PARAIPABA', 6),
(1025, 'PARAMBU', 6),
(1026, 'PARAMOTI', 6),
(1027, 'PEDRA BRANCA', 6),
(1028, 'PENAFORTE', 6),
(1029, 'PENTECOSTE', 6),
(1030, 'PEREIRO', 6),
(1031, 'PINDORETAMA', 6),
(1032, 'PIQUET CARNEIRO', 6),
(1033, 'PIRES FERREIRA', 6),
(1034, 'PORANGA', 6),
(1035, 'PORTEIRAS', 6),
(1036, 'POTENGI', 6),
(1037, 'POTIRETAMA', 6),
(1038, 'QUITERIANOPOLIS', 6),
(1039, 'QUIXADA', 6),
(1040, 'QUIXELO', 6),
(1041, 'QUIXERAMOBIM', 6),
(1042, 'QUIXERE', 6),
(1043, 'REDENCAO', 6),
(1044, 'RERIUTABA', 6),
(1045, 'RUSSAS', 6),
(1046, 'SABOEIRO', 6),
(1047, 'SALITRE', 6),
(1048, 'SANTANA DO ACARAU', 6),
(1049, 'SANTANA DO CARIRI', 6),
(1050, 'SANTA QUITERIA', 6),
(1051, 'SAO BENEDITO', 6),
(1052, 'SAO GONCALO DO AMARANTE', 6),
(1053, 'SAO JOAO DO JAGUARIBE', 6),
(1054, 'SAO LUIS DO CURU', 6),
(1055, 'SENADOR POMPEU', 6),
(1056, 'SENADOR SA', 6),
(1057, 'SOBRAL', 6),
(1058, 'SOLONOPOLE', 6),
(1059, 'TABULEIRO DO NORTE', 6),
(1060, 'TAMBORIL', 6),
(1061, 'TARRAFAS', 6),
(1062, 'TAUA', 6),
(1063, 'TEJUCUOCA', 6),
(1064, 'TIANGUA', 6),
(1065, 'TRAIRI', 6),
(1066, 'TURURU', 6),
(1067, 'UBAJARA', 6),
(1068, 'UMARI', 6),
(1069, 'UMIRIM', 6),
(1070, 'URUBURETAMA', 6),
(1071, 'URUOCA', 6),
(1072, 'VARJOTA', 6),
(1073, 'VARZEA ALEGRE', 6),
(1074, 'VICOSA DO CEARA', 6),
(1075, 'ACARI', 20),
(1076, 'ACU', 20),
(1077, 'AFONSO BEZERRA', 20),
(1078, 'AGUA NOVA', 20),
(1079, 'ALEXANDRIA', 20),
(1080, 'ALMINO AFONSO', 20),
(1081, 'ALTO DO RODRIGUES', 20),
(1082, 'ANGICOS', 20),
(1083, 'ANTONIO MARTINS', 20),
(1084, 'APODI', 20),
(1085, 'AREIA BRANCA', 20),
(1086, 'ARES', 20),
(1087, 'AUGUSTO SEVERO', 20),
(1088, 'BAIA FORMOSA', 20),
(1089, 'BARAUNA', 20),
(1090, 'BARCELONA', 20),
(1091, 'BENTO FERNANDES', 20),
(1092, 'BODO', 20),
(1093, 'BOM JESUS', 20),
(1094, 'BREJINHO', 20),
(1095, 'CAICARA DO NORTE', 20),
(1096, 'CAICARA DO RIO DO VENTO', 20),
(1097, 'CAICO', 20),
(1098, 'CAMPO REDONDO', 20),
(1099, 'CANGUARETAMA', 20),
(1100, 'CARAUBAS', 20),
(1101, 'CARNAUBA DOS DANTAS', 20),
(1102, 'CARNAUBAIS', 20),
(1103, 'CEARA-MIRIM', 20),
(1104, 'CERRO CORA', 20),
(1105, 'CORONEL EZEQUIEL', 20),
(1106, 'CORONEL JOAO PESSOA', 20),
(1107, 'CRUZETA', 20),
(1108, 'CURRAIS NOVOS', 20),
(1109, 'DOUTOR SEVERIANO', 20),
(1110, 'PARNAMIRIM', 20),
(1111, 'ENCANTO', 20),
(1112, 'EQUADOR', 20),
(1113, 'ESPIRITO SANTO', 20),
(1114, 'EXTREMOZ', 20),
(1115, 'FELIPE GUERRA', 20),
(1116, 'FERNANDO PEDROZA', 20),
(1117, 'FLORANIA', 20),
(1118, 'FRANCISCO DANTAS', 20),
(1119, 'FRUTUOSO GOMES', 20),
(1120, 'GALINHOS', 20),
(1121, 'GOIANINHA', 20),
(1122, 'GOVERNADOR DIX-SEPT ROSADO', 20),
(1123, 'GROSSOS', 20),
(1124, 'GUAMARE', 20),
(1125, 'IELMO MARINHO', 20),
(1126, 'IPANGUACU', 20),
(1127, 'IPUEIRA', 20),
(1128, 'ITAJA', 20),
(1129, 'ITAU', 20),
(1130, 'JACANA', 20),
(1131, 'JANDAIRA', 20),
(1132, 'JANDUIS', 20),
(1133, 'JANUARIO CICCO', 20),
(1134, 'JAPI', 20),
(1135, 'JARDIM DE ANGICOS', 20),
(1136, 'JARDIM DE PIRANHAS', 20),
(1137, 'JARDIM DO SERIDO', 20),
(1138, 'JOAO CAMARA', 20),
(1139, 'JOAO DIAS', 20),
(1140, 'JOSE DA PENHA', 20),
(1141, 'JUCURUTU', 20),
(1142, 'JUNDIA', 20),
(1143, 'LAGOA D''ANTA', 20),
(1144, 'LAGOA DE PEDRAS', 20),
(1145, 'LAGOA DE VELHOS', 20),
(1146, 'LAGOA NOVA', 20),
(1147, 'LAGOA SALGADA', 20),
(1148, 'LAJES', 20),
(1149, 'LAJES PINTADAS', 20),
(1150, 'LUCRECIA', 20),
(1151, 'LUIS GOMES', 20),
(1152, 'MACAIBA', 20),
(1153, 'MACAU', 20),
(1154, 'MAJOR SALES', 20),
(1155, 'MARCELINO VIEIRA', 20),
(1156, 'MARTINS', 20),
(1157, 'MAXARANGUAPE', 20),
(1158, 'MESSIAS TARGINO', 20),
(1159, 'MONTANHAS', 20),
(1160, 'MONTE ALEGRE', 20),
(1161, 'MONTE DAS GAMELEIRAS', 20),
(1162, 'MOSSORO', 20),
(1163, 'NATAL', 20),
(1164, 'NISIA FLORESTA', 20),
(1165, 'NOVA CRUZ', 20),
(1166, 'OLHO-D''AGUA DO BORGES', 20),
(1167, 'OURO BRANCO', 20),
(1168, 'PARANA', 20),
(1169, 'PARAU', 20),
(1170, 'PARAZINHO', 20),
(1171, 'PARELHAS', 20),
(1172, 'RIO DO FOGO', 20),
(1173, 'PASSA E FICA', 20),
(1174, 'PASSAGEM', 20),
(1175, 'PATU', 20),
(1176, 'SANTA MARIA', 20),
(1177, 'PAU DOS FERROS', 20),
(1178, 'PEDRA GRANDE', 20),
(1179, 'PEDRA PRETA', 20),
(1180, 'PEDRO AVELINO', 20),
(1181, 'PEDRO VELHO', 20),
(1182, 'PENDENCIAS', 20),
(1183, 'PILOES', 20),
(1184, 'POCO BRANCO', 20),
(1185, 'PORTALEGRE', 20),
(1186, 'PORTO DO MANGUE', 20),
(1187, 'PRESIDENTE JUSCELINO', 20),
(1188, 'PUREZA', 20),
(1189, 'RAFAEL FERNANDES', 20),
(1190, 'RAFAEL GODEIRO', 20),
(1191, 'RIACHO DA CRUZ', 20),
(1192, 'RIACHO DE SANTANA', 20),
(1193, 'RIACHUELO', 20),
(1194, 'RODOLFO FERNANDES', 20),
(1195, 'TIBAU', 20),
(1196, 'RUY BARBOSA', 20),
(1197, 'SANTA CRUZ', 20),
(1198, 'SANTANA DO MATOS', 20),
(1199, 'SANTANA DO SERIDO', 20),
(1200, 'SANTO ANTONIO', 20),
(1201, 'SAO BENTO DO NORTE', 20),
(1202, 'SAO BENTO DO TRAIRI', 20),
(1203, 'SAO FERNANDO', 20),
(1204, 'SAO FRANCISCO DO OESTE', 20),
(1205, 'SAO GONCALO DO AMARANTE', 20),
(1206, 'SAO JOAO DO SABUGI', 20),
(1207, 'SAO JOSE DE MIPIBU', 20),
(1208, 'SAO JOSE DO CAMPESTRE', 20),
(1209, 'SAO JOSE DO SERIDO', 20),
(1210, 'SAO MIGUEL', 20),
(1211, 'SAO MIGUEL DO GOSTOSO', 20),
(1212, 'SAO PAULO DO POTENGI', 20),
(1213, 'SAO PEDRO', 20),
(1214, 'SAO RAFAEL', 20),
(1215, 'SAO TOME', 20),
(1216, 'SAO VICENTE', 20),
(1217, 'SENADOR ELOI DE SOUZA', 20),
(1218, 'SENADOR GEORGINO AVELINO', 20),
(1219, 'SERRA DE SAO BENTO', 20),
(1220, 'SERRA DO MEL', 20),
(1221, 'SERRA NEGRA DO NORTE', 20),
(1222, 'SERRINHA', 20),
(1223, 'SERRINHA DOS PINTOS', 20),
(1224, 'SEVERIANO MELO', 20),
(1225, 'SITIO NOVO', 20),
(1226, 'TABOLEIRO GRANDE', 20),
(1227, 'TAIPU', 20),
(1228, 'TANGARA', 20),
(1229, 'TENENTE ANANIAS', 20),
(1230, 'TENENTE LAURENTINO CRUZ', 20),
(1231, 'TIBAU DO SUL', 20),
(1232, 'TIMBAUBA DOS BATISTAS', 20),
(1233, 'TOUROS', 20),
(1234, 'TRIUNFO POTIGUAR', 20),
(1235, 'UMARIZAL', 20),
(1236, 'UPANEMA', 20),
(1237, 'VARZEA', 20),
(1238, 'VENHA-VER', 20),
(1239, 'VERA CRUZ', 20),
(1240, 'VICOSA', 20),
(1241, 'VILA FLOR', 20),
(1242, 'AGUA BRANCA', 15),
(1243, 'AGUIAR', 15),
(1244, 'ALAGOA GRANDE', 15),
(1245, 'ALAGOA NOVA', 15),
(1246, 'ALAGOINHA', 15),
(1247, 'ALCANTIL', 15),
(1248, 'ALGODAO DE JANDAIRA', 15),
(1249, 'ALHANDRA', 15),
(1250, 'SAO JOAO DO RIO DO PEIXE', 15),
(1251, 'AMPARO', 15),
(1252, 'APARECIDA', 15),
(1253, 'ARACAGI', 15),
(1254, 'ARARA', 15),
(1255, 'ARARUNA', 15),
(1256, 'AREIA', 15),
(1257, 'AREIA DE BARAUNAS', 15),
(1258, 'AREIAL', 15),
(1259, 'AROEIRAS', 15),
(1260, 'ASSUNCAO', 15),
(1261, 'BAIA DA TRAICAO', 15),
(1262, 'BANANEIRAS', 15),
(1263, 'BARAUNA', 15),
(1264, 'BARRA DE SANTANA', 15),
(1265, 'BARRA DE SANTA ROSA', 15),
(1266, 'BARRA DE SAO MIGUEL', 15),
(1267, 'BAYEUX', 15),
(1268, 'BELEM', 15),
(1269, 'BELEM DO BREJO DO CRUZ', 15),
(1270, 'BERNARDINO BATISTA', 15),
(1271, 'BOA VENTURA', 15),
(1272, 'BOA VISTA', 15),
(1273, 'BOM JESUS', 15),
(1274, 'BOM SUCESSO', 15),
(1275, 'BONITO DE SANTA FE', 15),
(1276, 'BOQUEIRAO', 15),
(1277, 'IGARACY', 15),
(1278, 'BORBOREMA', 15),
(1279, 'BREJO DO CRUZ', 15),
(1280, 'BREJO DOS SANTOS', 15),
(1281, 'CAAPORA', 15),
(1282, 'CABACEIRAS', 15),
(1283, 'CABEDELO', 15),
(1284, 'CACHOEIRA DOS INDIOS', 15),
(1285, 'CACIMBA DE AREIA', 15),
(1286, 'CACIMBA DE DENTRO', 15),
(1287, 'CACIMBAS', 15),
(1288, 'CAICARA', 15),
(1289, 'CAJAZEIRAS', 15),
(1290, 'CAJAZEIRINHAS', 15),
(1291, 'CALDAS BRANDAO', 15),
(1292, 'CAMALAU', 15),
(1293, 'CAMPINA GRANDE', 15),
(1294, 'CAPIM', 15),
(1295, 'CARAUBAS', 15),
(1296, 'CARRAPATEIRA', 15),
(1297, 'CASSERENGUE', 15),
(1298, 'CATINGUEIRA', 15),
(1299, 'CATOLE DO ROCHA', 15),
(1300, 'CATURITE', 15),
(1301, 'CONCEICAO', 15),
(1302, 'CONDADO', 15),
(1303, 'CONDE', 15),
(1304, 'CONGO', 15),
(1305, 'COREMAS', 15),
(1306, 'COXIXOLA', 15),
(1307, 'CRUZ DO ESPIRITO SANTO', 15),
(1308, 'CUBATI', 15),
(1309, 'CUITE', 15),
(1310, 'CUITEGI', 15),
(1311, 'CUITE DE MAMANGUAPE', 15),
(1312, 'CURRAL DE CIMA', 15),
(1313, 'CURRAL VELHO', 15),
(1314, 'DAMIAO', 15),
(1315, 'DESTERRO', 15),
(1316, 'VISTA SERRANA', 15),
(1317, 'DIAMANTE', 15),
(1318, 'DONA INES', 15),
(1319, 'DUAS ESTRADAS', 15),
(1320, 'EMAS', 15),
(1321, 'ESPERANCA', 15),
(1322, 'FAGUNDES', 15),
(1323, 'FREI MARTINHO', 15),
(1324, 'GADO BRAVO', 15),
(1325, 'GUARABIRA', 15),
(1326, 'GURINHEM', 15),
(1327, 'GURJAO', 15),
(1328, 'IBIARA', 15),
(1329, 'IMACULADA', 15),
(1330, 'INGA', 15),
(1331, 'ITABAIANA', 15),
(1332, 'ITAPORANGA', 15),
(1333, 'ITAPOROROCA', 15),
(1334, 'ITATUBA', 15),
(1335, 'JACARAU', 15),
(1336, 'JERICO', 15),
(1337, 'JOAO PESSOA', 15),
(1338, 'JUAREZ TAVORA', 15),
(1339, 'JUAZEIRINHO', 15),
(1340, 'JUNCO DO SERIDO', 15),
(1341, 'JURIPIRANGA', 15),
(1342, 'JURU', 15),
(1343, 'LAGOA', 15),
(1344, 'LAGOA DE DENTRO', 15),
(1345, 'LAGOA SECA', 15),
(1346, 'LASTRO', 15),
(1347, 'LIVRAMENTO', 15),
(1348, 'LOGRADOURO', 15),
(1349, 'LUCENA', 15),
(1350, 'MAE D''AGUA', 15),
(1351, 'MALTA', 15),
(1352, 'MAMANGUAPE', 15),
(1353, 'MANAIRA', 15),
(1354, 'MARCACAO', 15),
(1355, 'MARI', 15),
(1356, 'MARIZOPOLIS', 15),
(1357, 'MASSARANDUBA', 15),
(1358, 'MATARACA', 15),
(1359, 'MATINHAS', 15),
(1360, 'MATO GROSSO', 15),
(1361, 'MATUREIA', 15),
(1362, 'MOGEIRO', 15),
(1363, 'MONTADAS', 15),
(1364, 'MONTE HOREBE', 15),
(1365, 'MONTEIRO', 15),
(1366, 'MULUNGU', 15),
(1367, 'NATUBA', 15),
(1368, 'NAZAREZINHO', 15),
(1369, 'NOVA FLORESTA', 15),
(1370, 'NOVA OLINDA', 15),
(1371, 'NOVA PALMEIRA', 15),
(1372, 'OLHO D''AGUA', 15),
(1373, 'OLIVEDOS', 15),
(1374, 'OURO VELHO', 15),
(1375, 'PARARI', 15),
(1376, 'PASSAGEM', 15),
(1377, 'PATOS', 15),
(1378, 'PAULISTA', 15),
(1379, 'PEDRA BRANCA', 15),
(1380, 'PEDRA LAVRADA', 15),
(1381, 'PEDRAS DE FOGO', 15),
(1382, 'PIANCO', 15),
(1383, 'PICUI', 15),
(1384, 'PILAR', 15),
(1385, 'PILOES', 15),
(1386, 'PILOEZINHOS', 15),
(1387, 'PIRPIRITUBA', 15),
(1388, 'PITIMBU', 15),
(1389, 'POCINHOS', 15),
(1390, 'POCO DANTAS', 15),
(1391, 'POCO DE JOSE DE MOURA', 15),
(1392, 'POMBAL', 15),
(1393, 'PRATA', 15),
(1394, 'PRINCESA ISABEL', 15),
(1395, 'PUXINANA', 15),
(1396, 'QUEIMADAS', 15),
(1397, 'QUIXABA', 15),
(1398, 'REMIGIO', 15),
(1399, 'PEDRO REGIS', 15),
(1400, 'RIACHAO', 15),
(1401, 'RIACHAO DO BACAMARTE', 15),
(1402, 'RIACHAO DO POCO', 15),
(1403, 'RIACHO DE SANTO ANTONIO', 15),
(1404, 'RIACHO DOS CAVALOS', 15),
(1405, 'RIO TINTO', 15),
(1406, 'SALGADINHO', 15),
(1407, 'SALGADO DE SAO FELIX', 15),
(1408, 'SANTA CECILIA', 15),
(1409, 'SANTA CRUZ', 15),
(1410, 'SANTA HELENA', 15),
(1411, 'SANTA INES', 15),
(1412, 'SANTA LUZIA', 15),
(1413, 'SANTANA DE MANGUEIRA', 15),
(1414, 'SANTANA DOS GARROTES', 15),
(1415, 'SANTAREM', 15),
(1416, 'SANTA RITA', 15),
(1417, 'SANTA TERESINHA', 15),
(1418, 'SANTO ANDRE', 15),
(1419, 'SAO BENTO', 15),
(1420, 'SAO BENTINHO', 15),
(1421, 'SAO DOMINGOS DO CARIRI', 15),
(1422, 'SAO DOMINGOS', 15),
(1423, 'SAO FRANCISCO', 15),
(1424, 'SAO JOAO DO CARIRI', 15),
(1425, 'SAO JOAO DO TIGRE', 15),
(1426, 'SAO JOSE DA LAGOA TAPADA', 15),
(1427, 'SAO JOSE DE CAIANA', 15),
(1428, 'SAO JOSE DE ESPINHARAS', 15),
(1429, 'SAO JOSE DOS RAMOS', 15),
(1430, 'SAO JOSE DE PIRANHAS', 15),
(1431, 'SAO JOSE DE PRINCESA', 15),
(1432, 'SAO JOSE DO BONFIM', 15),
(1433, 'SAO JOSE DO BREJO DO CRUZ', 15),
(1434, 'SAO JOSE DO SABUGI', 15),
(1435, 'SAO JOSE DOS CORDEIROS', 15),
(1436, 'SAO MAMEDE', 15),
(1437, 'SAO MIGUEL DE TAIPU', 15),
(1438, 'SAO SEBASTIAO DE LAGOA DE ROCA', 15),
(1439, 'SAO SEBASTIAO DO UMBUZEIRO', 15),
(1440, 'SAPE', 15),
(1441, 'SERIDO', 15),
(1442, 'SERRA BRANCA', 15),
(1443, 'SERRA DA RAIZ', 15),
(1444, 'SERRA GRANDE', 15),
(1445, 'SERRA REDONDA', 15),
(1446, 'SERRARIA', 15),
(1447, 'SERTAOZINHO', 15),
(1448, 'SOBRADO', 15),
(1449, 'SOLANEA', 15),
(1450, 'SOLEDADE', 15),
(1451, 'SOSSEGO', 15),
(1452, 'SOUSA', 15),
(1453, 'SUME', 15),
(1454, 'CAMPO DE SANTANA', 15),
(1455, 'TAPEROA', 15),
(1456, 'TAVARES', 15),
(1457, 'TEIXEIRA', 15),
(1458, 'TENORIO', 15),
(1459, 'TRIUNFO', 15),
(1460, 'UIRAUNA', 15),
(1461, 'UMBUZEIRO', 15),
(1462, 'VARZEA', 15),
(1463, 'VIEIROPOLIS', 15),
(1464, 'ZABELE', 15),
(1465, 'ABREU E LIMA', 16),
(1466, 'AFOGADOS DA INGAZEIRA', 16),
(1467, 'AFRANIO', 16),
(1468, 'AGRESTINA', 16),
(1469, 'AGUA PRETA', 16),
(1470, 'AGUAS BELAS', 16),
(1471, 'ALAGOINHA', 16),
(1472, 'ALIANCA', 16),
(1473, 'ALTINHO', 16),
(1474, 'AMARAJI', 16),
(1475, 'ANGELIM', 16),
(1476, 'ARACOIABA', 16),
(1477, 'ARARIPINA', 16),
(1478, 'ARCOVERDE', 16),
(1479, 'BARRA DE GUABIRABA', 16),
(1480, 'BARREIROS', 16),
(1481, 'BELEM DE MARIA', 16),
(1482, 'BELEM DE SAO FRANCISCO', 16),
(1483, 'BELO JARDIM', 16),
(1484, 'BETANIA', 16),
(1485, 'BEZERROS', 16),
(1486, 'BODOCO', 16),
(1487, 'BOM CONSELHO', 16),
(1488, 'BOM JARDIM', 16),
(1489, 'BONITO', 16),
(1490, 'BREJAO', 16),
(1491, 'BREJINHO', 16),
(1492, 'BREJO DA MADRE DE DEUS', 16),
(1493, 'BUENOS AIRES', 16),
(1494, 'BUIQUE', 16),
(1495, 'CABO DE SANTO AGOSTINHO', 16),
(1496, 'CABROBO', 16),
(1497, 'CACHOEIRINHA', 16),
(1498, 'CAETES', 16),
(1499, 'CALCADO', 16),
(1500, 'CALUMBI', 16),
(1501, 'CAMARAGIBE', 16),
(1502, 'CAMOCIM DE SAO FELIX', 16),
(1503, 'CAMUTANGA', 16),
(1504, 'CANHOTINHO', 16),
(1505, 'CAPOEIRAS', 16),
(1506, 'CARNAIBA', 16),
(1507, 'CARNAUBEIRA DA PENHA', 16),
(1508, 'CARPINA', 16),
(1509, 'CARUARU', 16),
(1510, 'CASINHAS', 16),
(1511, 'CATENDE', 16),
(1512, 'CEDRO', 16),
(1513, 'CHA DE ALEGRIA', 16),
(1514, 'CHA GRANDE', 16),
(1515, 'CONDADO', 16),
(1516, 'CORRENTES', 16),
(1517, 'CORTES', 16),
(1518, 'CUMARU', 16),
(1519, 'CUPIRA', 16),
(1520, 'CUSTODIA', 16),
(1521, 'DORMENTES', 16),
(1522, 'ESCADA', 16),
(1523, 'EXU', 16),
(1524, 'FEIRA NOVA', 16),
(1525, 'FERNANDO DE NORONHA', 16),
(1526, 'FERREIROS', 16),
(1527, 'FLORES', 16),
(1528, 'FLORESTA', 16),
(1529, 'FREI MIGUELINHO', 16),
(1530, 'GAMELEIRA', 16),
(1531, 'GARANHUNS', 16),
(1532, 'GLORIA DO GOITA', 16),
(1533, 'GOIANA', 16),
(1534, 'GRANITO', 16),
(1535, 'GRAVATA', 16),
(1536, 'IATI', 16),
(1537, 'IBIMIRIM', 16),
(1538, 'IBIRAJUBA', 16),
(1539, 'IGARASSU', 16),
(1540, 'IGUARACI', 16),
(1541, 'INAJA', 16),
(1542, 'INGAZEIRA', 16),
(1543, 'IPOJUCA', 16),
(1544, 'IPUBI', 16),
(1545, 'ITACURUBA', 16),
(1546, 'ITAIBA', 16),
(1547, 'ILHA DE ITAMARACA', 16),
(1548, 'ITAMBE', 16),
(1549, 'ITAPETIM', 16),
(1550, 'ITAPISSUMA', 16),
(1551, 'ITAQUITINGA', 16),
(1552, 'JABOATAO DOS GUARARAPES', 16),
(1553, 'JAQUEIRA', 16),
(1554, 'JATAUBA', 16),
(1555, 'JATOBA', 16),
(1556, 'JOAO ALFREDO', 16),
(1557, 'JOAQUIM NABUCO', 16),
(1558, 'JUCATI', 16),
(1559, 'JUPI', 16),
(1560, 'JUREMA', 16),
(1561, 'LAGOA DO CARRO', 16),
(1562, 'LAGOA DO ITAENGA', 16),
(1563, 'LAGOA DO OURO', 16),
(1564, 'LAGOA DOS GATOS', 16),
(1565, 'LAGOA GRANDE', 16),
(1566, 'LAJEDO', 16),
(1567, 'LIMOEIRO', 16),
(1568, 'MACAPARANA', 16),
(1569, 'MACHADOS', 16),
(1570, 'MANARI', 16),
(1571, 'MARAIAL', 16),
(1572, 'MIRANDIBA', 16),
(1573, 'MORENO', 16),
(1574, 'NAZARE DA MATA', 16),
(1575, 'OLINDA', 16),
(1576, 'OROBO', 16),
(1577, 'OROCO', 16),
(1578, 'OURICURI', 16),
(1579, 'PALMARES', 16),
(1580, 'PALMEIRINA', 16),
(1581, 'PANELAS', 16),
(1582, 'PARANATAMA', 16),
(1583, 'PARNAMIRIM', 16),
(1584, 'PASSIRA', 16),
(1585, 'PAUDALHO', 16),
(1586, 'PAULISTA', 16),
(1587, 'PEDRA', 16),
(1588, 'PESQUEIRA', 16),
(1589, 'PETROLANDIA', 16),
(1590, 'PETROLINA', 16),
(1591, 'POCAO', 16),
(1592, 'POMBOS', 16),
(1593, 'PRIMAVERA', 16),
(1594, 'QUIPAPA', 16),
(1595, 'QUIXABA', 16),
(1596, 'RECIFE', 16),
(1597, 'RIACHO DAS ALMAS', 16),
(1598, 'RIBEIRAO', 16),
(1599, 'RIO FORMOSO', 16),
(1600, 'SAIRE', 16),
(1601, 'SALGADINHO', 16),
(1602, 'SALGUEIRO', 16),
(1603, 'SALOA', 16),
(1604, 'SANHARO', 16),
(1605, 'SANTA CRUZ', 16),
(1606, 'SANTA CRUZ DA BAIXA VERDE', 16),
(1607, 'SANTA CRUZ DO CAPIBARIBE', 16),
(1608, 'SANTA FILOMENA', 16),
(1609, 'SANTA MARIA DA BOA VISTA', 16),
(1610, 'SANTA MARIA DO CAMBUCA', 16),
(1611, 'SANTA TEREZINHA', 16),
(1612, 'SAO BENEDITO DO SUL', 16),
(1613, 'SAO BENTO DO UNA', 16),
(1614, 'SAO CAITANO', 16),
(1615, 'SAO JOAO', 16),
(1616, 'SAO JOAQUIM DO MONTE', 16),
(1617, 'SAO JOSE DA COROA GRANDE', 16),
(1618, 'SAO JOSE DO BELMONTE', 16),
(1619, 'SAO JOSE DO EGITO', 16),
(1620, 'SAO LOURENCO DA MATA', 16),
(1621, 'SAO VICENTE FERRER', 16),
(1622, 'SERRA TALHADA', 16),
(1623, 'SERRITA', 16),
(1624, 'SERTANIA', 16),
(1625, 'SIRINHAEM', 16),
(1626, 'MOREILANDIA', 16),
(1627, 'SOLIDAO', 16),
(1628, 'SURUBIM', 16),
(1629, 'TABIRA', 16),
(1630, 'TACAIMBO', 16),
(1631, 'TACARATU', 16),
(1632, 'TAMANDARE', 16),
(1633, 'TAQUARITINGA DO NORTE', 16),
(1634, 'TEREZINHA', 16),
(1635, 'TERRA NOVA', 16),
(1636, 'TIMBAUBA', 16),
(1637, 'TORITAMA', 16),
(1638, 'TRACUNHAEM', 16),
(1639, 'TRINDADE', 16),
(1640, 'TRIUNFO', 16),
(1641, 'TUPANATINGA', 16),
(1642, 'TUPARETAMA', 16),
(1643, 'VENTUROSA', 16),
(1644, 'VERDEJANTE', 16),
(1645, 'VERTENTE DO LERIO', 16),
(1646, 'VERTENTES', 16),
(1647, 'VICENCIA', 16),
(1648, 'VITORIA DE SANTO ANTAO', 16),
(1649, 'XEXEU', 16),
(1650, 'AGUA BRANCA', 2),
(1651, 'ANADIA', 2),
(1652, 'ARAPIRACA', 2),
(1653, 'ATALAIA', 2),
(1654, 'BARRA DE SANTO ANTONIO', 2),
(1655, 'BARRA DE SAO MIGUEL', 2),
(1656, 'BATALHA', 2),
(1657, 'BELEM', 2),
(1658, 'BELO MONTE', 2),
(1659, 'BOCA DA MATA', 2),
(1660, 'BRANQUINHA', 2),
(1661, 'CACIMBINHAS', 2),
(1662, 'CAJUEIRO', 2),
(1663, 'CAMPESTRE', 2),
(1664, 'CAMPO ALEGRE', 2),
(1665, 'CAMPO GRANDE', 2),
(1666, 'CANAPI', 2),
(1667, 'CAPELA', 2),
(1668, 'CARNEIROS', 2),
(1669, 'CHA PRETA', 2),
(1670, 'COITE DO NOIA', 2),
(1671, 'COLONIA LEOPOLDINA', 2),
(1672, 'COQUEIRO SECO', 2),
(1673, 'CORURIPE', 2),
(1674, 'CRAIBAS', 2),
(1675, 'DELMIRO GOUVEIA', 2),
(1676, 'DOIS RIACHOS', 2),
(1677, 'ESTRELA DE ALAGOAS', 2),
(1678, 'FEIRA GRANDE', 2),
(1679, 'FELIZ DESERTO', 2),
(1680, 'FLEXEIRAS', 2),
(1681, 'GIRAU DO PONCIANO', 2),
(1682, 'IBATEGUARA', 2),
(1683, 'IGACI', 2),
(1684, 'IGREJA NOVA', 2),
(1685, 'INHAPI', 2),
(1686, 'JACARE DOS HOMENS', 2),
(1687, 'JACUIPE', 2),
(1688, 'JAPARATINGA', 2),
(1689, 'JARAMATAIA', 2),
(1690, 'JEQUIA DA PRAIA', 2),
(1691, 'JOAQUIM GOMES', 2),
(1692, 'JUNDIA', 2),
(1693, 'JUNQUEIRO', 2),
(1694, 'LAGOA DA CANOA', 2),
(1695, 'LIMOEIRO DE ANADIA', 2),
(1696, 'MACEIO', 2),
(1697, 'MAJOR ISIDORO', 2),
(1698, 'MARAGOGI', 2),
(1699, 'MARAVILHA', 2),
(1700, 'MARECHAL DEODORO', 2),
(1701, 'MARIBONDO', 2),
(1702, 'MAR VERMELHO', 2),
(1703, 'MATA GRANDE', 2),
(1704, 'MATRIZ DE CAMARAGIBE', 2),
(1705, 'MESSIAS', 2),
(1706, 'MINADOR DO NEGRAO', 2),
(1707, 'MONTEIROPOLIS', 2),
(1708, 'MURICI', 2),
(1709, 'NOVO LINO', 2),
(1710, 'OLHO D''AGUA DAS FLORES', 2),
(1711, 'OLHO D''AGUA DO CASADO', 2),
(1712, 'OLHO D''AGUA GRANDE', 2),
(1713, 'OLIVENCA', 2),
(1714, 'OURO BRANCO', 2),
(1715, 'PALESTINA', 2),
(1716, 'PALMEIRA DOS INDIOS', 2),
(1717, 'PAO DE ACUCAR', 2),
(1718, 'PARICONHA', 2),
(1719, 'PARIPUEIRA', 2),
(1720, 'PASSO DE CAMARAGIBE', 2),
(1721, 'PAULO JACINTO', 2),
(1722, 'PENEDO', 2),
(1723, 'PIACABUCU', 2),
(1724, 'PILAR', 2),
(1725, 'PINDOBA', 2),
(1726, 'PIRANHAS', 2),
(1727, 'POCO DAS TRINCHEIRAS', 2),
(1728, 'PORTO CALVO', 2),
(1729, 'PORTO DE PEDRAS', 2),
(1730, 'PORTO REAL DO COLEGIO', 2),
(1731, 'QUEBRANGULO', 2),
(1732, 'RIO LARGO', 2),
(1733, 'ROTEIRO', 2),
(1734, 'SANTA LUZIA DO NORTE', 2),
(1735, 'SANTANA DO IPANEMA', 2),
(1736, 'SANTANA DO MUNDAU', 2),
(1737, 'SAO BRAS', 2),
(1738, 'SAO JOSE DA LAJE', 2),
(1739, 'SAO JOSE DA TAPERA', 2),
(1740, 'SAO LUIS DO QUITUNDE', 2),
(1741, 'SAO MIGUEL DOS CAMPOS', 2),
(1742, 'SAO MIGUEL DOS MILAGRES', 2),
(1743, 'SAO SEBASTIAO', 2),
(1744, 'SATUBA', 2),
(1745, 'SENADOR RUI PALMEIRA', 2),
(1746, 'TANQUE D''ARCA', 2),
(1747, 'TAQUARANA', 2),
(1748, 'TEOTONIO VILELA', 2),
(1749, 'TRAIPU', 2),
(1750, 'UNIAO DOS PALMARES', 2),
(1751, 'VICOSA', 2),
(1752, 'AMPARO DE SAO FRANCISCO', 25),
(1753, 'AQUIDABA', 25),
(1754, 'ARACAJU', 25),
(1755, 'ARAUA', 25),
(1756, 'AREIA BRANCA', 25),
(1757, 'BARRA DOS COQUEIROS', 25),
(1758, 'BOQUIM', 25),
(1759, 'BREJO GRANDE', 25),
(1760, 'CAMPO DO BRITO', 25),
(1761, 'CANHOBA', 25),
(1762, 'CANINDE DE SAO FRANCISCO', 25),
(1763, 'CAPELA', 25),
(1764, 'CARIRA', 25),
(1765, 'CARMOPOLIS', 25),
(1766, 'CEDRO DE SAO JOAO', 25),
(1767, 'CRISTINAPOLIS', 25),
(1768, 'CUMBE', 25),
(1769, 'DIVINA PASTORA', 25),
(1770, 'ESTANCIA', 25),
(1771, 'FEIRA NOVA', 25),
(1772, 'FREI PAULO', 25),
(1773, 'GARARU', 25),
(1774, 'GENERAL MAYNARD', 25),
(1775, 'GRACHO CARDOSO', 25),
(1776, 'ILHA DAS FLORES', 25),
(1777, 'INDIAROBA', 25),
(1778, 'ITABAIANA', 25),
(1779, 'ITABAIANINHA', 25),
(1780, 'ITABI', 25),
(1781, 'ITAPORANGA D''AJUDA', 25),
(1782, 'JAPARATUBA', 25),
(1783, 'JAPOATA', 25),
(1784, 'LAGARTO', 25),
(1785, 'LARANJEIRAS', 25),
(1786, 'MACAMBIRA', 25),
(1787, 'MALHADA DOS BOIS', 25),
(1788, 'MALHADOR', 25),
(1789, 'MARUIM', 25),
(1790, 'MOITA BONITA', 25),
(1791, 'MONTE ALEGRE DE SERGIPE', 25),
(1792, 'MURIBECA', 25),
(1793, 'NEOPOLIS', 25),
(1794, 'NOSSA SENHORA APARECIDA', 25),
(1795, 'NOSSA SENHORA DA GLORIA', 25),
(1796, 'NOSSA SENHORA DAS DORES', 25),
(1797, 'NOSSA SENHORA DE LOURDES', 25),
(1798, 'NOSSA SENHORA DO SOCORRO', 25),
(1799, 'PACATUBA', 25),
(1800, 'PEDRA MOLE', 25),
(1801, 'PEDRINHAS', 25),
(1802, 'PINHAO', 25),
(1803, 'PIRAMBU', 25),
(1804, 'POCO REDONDO', 25),
(1805, 'POCO VERDE', 25),
(1806, 'PORTO DA FOLHA', 25),
(1807, 'PROPRIA', 25),
(1808, 'RIACHAO DO DANTAS', 25),
(1809, 'RIACHUELO', 25),
(1810, 'RIBEIROPOLIS', 25),
(1811, 'ROSARIO DO CATETE', 25),
(1812, 'SALGADO', 25),
(1813, 'SANTA LUZIA DO ITANHY', 25),
(1814, 'SANTANA DO SAO FRANCISCO', 25),
(1815, 'SANTA ROSA DE LIMA', 25),
(1816, 'SANTO AMARO DAS BROTAS', 25),
(1817, 'SAO CRISTOVAO', 25),
(1818, 'SAO DOMINGOS', 25),
(1819, 'SAO FRANCISCO', 25),
(1820, 'SAO MIGUEL DO ALEIXO', 25),
(1821, 'SIMAO DIAS', 25),
(1822, 'SIRIRI', 25),
(1823, 'TELHA', 25),
(1824, 'TOBIAS BARRETO', 25),
(1825, 'TOMAR DO GERU', 25),
(1826, 'UMBAUBA', 25),
(1827, 'ABAIRA', 5),
(1828, 'ABARE', 5),
(1829, 'ACAJUTIBA', 5),
(1830, 'ADUSTINA', 5),
(1831, 'AGUA FRIA', 5),
(1832, 'ERICO CARDOSO', 5),
(1833, 'AIQUARA', 5),
(1834, 'ALAGOINHAS', 5),
(1835, 'ALCOBACA', 5),
(1836, 'ALMADINA', 5),
(1837, 'AMARGOSA', 5),
(1838, 'AMELIA RODRIGUES', 5),
(1839, 'AMERICA DOURADA', 5),
(1840, 'ANAGE', 5),
(1841, 'ANDARAI', 5),
(1842, 'ANDORINHA', 5),
(1843, 'ANGICAL', 5),
(1844, 'ANGUERA', 5),
(1845, 'ANTAS', 5),
(1846, 'ANTONIO CARDOSO', 5),
(1847, 'ANTONIO GONCALVES', 5),
(1848, 'APORA', 5),
(1849, 'APUAREMA', 5),
(1850, 'ARACATU', 5),
(1851, 'ARACAS', 5),
(1852, 'ARACI', 5),
(1853, 'ARAMARI', 5),
(1854, 'ARATACA', 5),
(1855, 'ARATUIPE', 5),
(1856, 'AURELINO LEAL', 5),
(1857, 'BAIANOPOLIS', 5),
(1858, 'BAIXA GRANDE', 5),
(1859, 'BANZAE', 5),
(1860, 'BARRA', 5),
(1861, 'BARRA DA ESTIVA', 5),
(1862, 'BARRA DO CHOCA', 5),
(1863, 'BARRA DO MENDES', 5),
(1864, 'BARRA DO ROCHA', 5),
(1865, 'BARREIRAS', 5),
(1866, 'BARRO ALTO', 5),
(1867, 'BARROCAS', 5),
(1868, 'BARRO PRETO', 5),
(1869, 'BELMONTE', 5),
(1870, 'BELO CAMPO', 5),
(1871, 'BIRITINGA', 5),
(1872, 'BOA NOVA', 5),
(1873, 'BOA VISTA DO TUPIM', 5),
(1874, 'BOM JESUS DA LAPA', 5),
(1875, 'BOM JESUS DA SERRA', 5),
(1876, 'BONINAL', 5),
(1877, 'BONITO', 5),
(1878, 'BOQUIRA', 5),
(1879, 'BOTUPORA', 5),
(1880, 'BREJOES', 5),
(1881, 'BREJOLANDIA', 5),
(1882, 'BROTAS DE MACAUBAS', 5),
(1883, 'BRUMADO', 5),
(1884, 'BUERAREMA', 5),
(1885, 'BURITIRAMA', 5),
(1886, 'CAATIBA', 5),
(1887, 'CABACEIRAS DO PARAGUACU', 5),
(1888, 'CACHOEIRA', 5),
(1889, 'CACULE', 5),
(1890, 'CAEM', 5),
(1891, 'CAETANOS', 5),
(1892, 'CAETITE', 5),
(1893, 'CAFARNAUM', 5),
(1894, 'CAIRU', 5),
(1895, 'CALDEIRAO GRANDE', 5),
(1896, 'CAMACAN', 5),
(1897, 'CAMACARI', 5),
(1898, 'CAMAMU', 5),
(1899, 'CAMPO ALEGRE DE LOURDES', 5),
(1900, 'CAMPO FORMOSO', 5),
(1901, 'CANAPOLIS', 5),
(1902, 'CANARANA', 5),
(1903, 'CANAVIEIRAS', 5),
(1904, 'CANDEAL', 5),
(1905, 'CANDEIAS', 5),
(1906, 'CANDIBA', 5),
(1907, 'CANDIDO SALES', 5),
(1908, 'CANSANCAO', 5),
(1909, 'CANUDOS', 5),
(1910, 'CAPELA DO ALTO ALEGRE', 5),
(1911, 'CAPIM GROSSO', 5),
(1912, 'CARAIBAS', 5),
(1913, 'CARAVELAS', 5),
(1914, 'CARDEAL DA SILVA', 5),
(1915, 'CARINHANHA', 5),
(1916, 'CASA NOVA', 5),
(1917, 'CASTRO ALVES', 5),
(1918, 'CATOLANDIA', 5),
(1919, 'CATU', 5),
(1920, 'CATURAMA', 5),
(1921, 'CENTRAL', 5),
(1922, 'CHORROCHO', 5),
(1923, 'CICERO DANTAS', 5),
(1924, 'CIPO', 5),
(1925, 'COARACI', 5),
(1926, 'COCOS', 5),
(1927, 'CONCEICAO DA FEIRA', 5),
(1928, 'CONCEICAO DO ALMEIDA', 5),
(1929, 'CONCEICAO DO COITE', 5),
(1930, 'CONCEICAO DO JACUIPE', 5),
(1931, 'CONDE', 5),
(1932, 'CONDEUBA', 5),
(1933, 'CONTENDAS DO SINCORA', 5),
(1934, 'CORACAO DE MARIA', 5),
(1935, 'CORDEIROS', 5),
(1936, 'CORIBE', 5),
(1937, 'CORONEL JOAO SA', 5),
(1938, 'CORRENTINA', 5),
(1939, 'COTEGIPE', 5),
(1940, 'CRAVOLANDIA', 5),
(1941, 'CRISOPOLIS', 5),
(1942, 'CRISTOPOLIS', 5),
(1943, 'CRUZ DAS ALMAS', 5),
(1944, 'CURACA', 5),
(1945, 'DARIO MEIRA', 5),
(1946, 'DIAS D''AVILA', 5),
(1947, 'DOM BASILIO', 5),
(1948, 'DOM MACEDO COSTA', 5),
(1949, 'ELISIO MEDRADO', 5),
(1950, 'ENCRUZILHADA', 5),
(1951, 'ENTRE RIOS', 5),
(1952, 'ESPLANADA', 5),
(1953, 'EUCLIDES DA CUNHA', 5),
(1954, 'EUNAPOLIS', 5),
(1955, 'FATIMA', 5),
(1956, 'FEIRA DA MATA', 5),
(1957, 'FEIRA DE SANTANA', 5),
(1958, 'FILADELFIA', 5),
(1959, 'FIRMINO ALVES', 5),
(1960, 'FLORESTA AZUL', 5),
(1961, 'FORMOSA DO RIO PRETO', 5),
(1962, 'GANDU', 5),
(1963, 'GAVIAO', 5),
(1964, 'GENTIO DO OURO', 5),
(1965, 'GLORIA', 5),
(1966, 'GONGOGI', 5),
(1967, 'GOVERNADOR MANGABEIRA', 5),
(1968, 'GUAJERU', 5),
(1969, 'GUANAMBI', 5),
(1970, 'GUARATINGA', 5),
(1971, 'HELIOPOLIS', 5),
(1972, 'IACU', 5),
(1973, 'IBIASSUCE', 5),
(1974, 'IBICARAI', 5),
(1975, 'IBICOARA', 5),
(1976, 'IBICUI', 5),
(1977, 'IBIPEBA', 5),
(1978, 'IBIPITANGA', 5),
(1979, 'IBIQUERA', 5),
(1980, 'IBIRAPITANGA', 5),
(1981, 'IBIRAPUA', 5),
(1982, 'IBIRATAIA', 5),
(1983, 'IBITIARA', 5),
(1984, 'IBITITA', 5),
(1985, 'IBOTIRAMA', 5),
(1986, 'ICHU', 5),
(1987, 'IGAPORA', 5),
(1988, 'IGRAPIUNA', 5),
(1989, 'IGUAI', 5),
(1990, 'ILHEUS', 5),
(1991, 'INHAMBUPE', 5),
(1992, 'IPECAETA', 5),
(1993, 'IPIAU', 5),
(1994, 'IPIRA', 5),
(1995, 'IPUPIARA', 5),
(1996, 'IRAJUBA', 5),
(1997, 'IRAMAIA', 5),
(1998, 'IRAQUARA', 5),
(1999, 'IRARA', 5),
(2000, 'IRECE', 5),
(2001, 'ITABELA', 5),
(2002, 'ITABERABA', 5),
(2003, 'ITABUNA', 5);
INSERT INTO `cidade` (`idcid`, `nome`, `uf`) VALUES
(2004, 'ITACARE', 5),
(2005, 'ITAETE', 5),
(2006, 'ITAGI', 5),
(2007, 'ITAGIBA', 5),
(2008, 'ITAGIMIRIM', 5),
(2009, 'ITAGUACU DA BAHIA', 5),
(2010, 'ITAJU DO COLONIA', 5),
(2011, 'ITAJUIPE', 5),
(2012, 'ITAMARAJU', 5),
(2013, 'ITAMARI', 5),
(2014, 'ITAMBE', 5),
(2015, 'ITANAGRA', 5),
(2016, 'ITANHEM', 5),
(2017, 'ITAPARICA', 5),
(2018, 'ITAPE', 5),
(2019, 'ITAPEBI', 5),
(2020, 'ITAPETINGA', 5),
(2021, 'ITAPICURU', 5),
(2022, 'ITAPITANGA', 5),
(2023, 'ITAQUARA', 5),
(2024, 'ITARANTIM', 5),
(2025, 'ITATIM', 5),
(2026, 'ITIRUCU', 5),
(2027, 'ITIUBA', 5),
(2028, 'ITORORO', 5),
(2029, 'ITUACU', 5),
(2030, 'ITUBERA', 5),
(2031, 'IUIU', 5),
(2032, 'JABORANDI', 5),
(2033, 'JACARACI', 5),
(2034, 'JACOBINA', 5),
(2035, 'JAGUAQUARA', 5),
(2036, 'JAGUARARI', 5),
(2037, 'JAGUARIPE', 5),
(2038, 'JANDAIRA', 5),
(2039, 'JEQUIE', 5),
(2040, 'JEREMOABO', 5),
(2041, 'JIQUIRICA', 5),
(2042, 'JITAUNA', 5),
(2043, 'JOAO DOURADO', 5),
(2044, 'JUAZEIRO', 5),
(2045, 'JUCURUCU', 5),
(2046, 'JUSSARA', 5),
(2047, 'JUSSARI', 5),
(2048, 'JUSSIAPE', 5),
(2049, 'LAFAIETE COUTINHO', 5),
(2050, 'LAGOA REAL', 5),
(2051, 'LAJE', 5),
(2052, 'LAJEDAO', 5),
(2053, 'LAJEDINHO', 5),
(2054, 'LAJEDO DO TABOCAL', 5),
(2055, 'LAMARAO', 5),
(2056, 'LAPAO', 5),
(2057, 'LAURO DE FREITAS', 5),
(2058, 'LENCOIS', 5),
(2059, 'LICINIO DE ALMEIDA', 5),
(2060, 'LIVRAMENTO DE NOSSA SENHORA', 5),
(2061, 'LUIS EDUARDO MAGALHAES', 5),
(2062, 'MACAJUBA', 5),
(2063, 'MACARANI', 5),
(2064, 'MACAUBAS', 5),
(2065, 'MACURURE', 5),
(2066, 'MADRE DE DEUS', 5),
(2067, 'MAETINGA', 5),
(2068, 'MAIQUINIQUE', 5),
(2069, 'MAIRI', 5),
(2070, 'MALHADA', 5),
(2071, 'MALHADA DE PEDRAS', 5),
(2072, 'MANOEL VITORINO', 5),
(2073, 'MANSIDAO', 5),
(2074, 'MARACAS', 5),
(2075, 'MARAGOGIPE', 5),
(2076, 'MARAU', 5),
(2077, 'MARCIONILIO SOUZA', 5),
(2078, 'MASCOTE', 5),
(2079, 'MATA DE SAO JOAO', 5),
(2080, 'MATINA', 5),
(2081, 'MEDEIROS NETO', 5),
(2082, 'MIGUEL CALMON', 5),
(2083, 'MILAGRES', 5),
(2084, 'MIRANGABA', 5),
(2085, 'MIRANTE', 5),
(2086, 'MONTE SANTO', 5),
(2087, 'MORPARA', 5),
(2088, 'MORRO DO CHAPEU', 5),
(2089, 'MORTUGABA', 5),
(2090, 'MUCUGE', 5),
(2091, 'MUCURI', 5),
(2092, 'MULUNGU DO MORRO', 5),
(2093, 'MUNDO NOVO', 5),
(2094, 'MUNIZ FERREIRA', 5),
(2095, 'MUQUEM DE SAO FRANCISCO', 5),
(2096, 'MURITIBA', 5),
(2097, 'MUTUIPE', 5),
(2098, 'NAZARE', 5),
(2099, 'NILO PECANHA', 5),
(2100, 'NORDESTINA', 5),
(2101, 'NOVA CANAA', 5),
(2102, 'NOVA FATIMA', 5),
(2103, 'NOVA IBIA', 5),
(2104, 'NOVA ITARANA', 5),
(2105, 'NOVA REDENCAO', 5),
(2106, 'NOVA SOURE', 5),
(2107, 'NOVA VICOSA', 5),
(2108, 'NOVO HORIZONTE', 5),
(2109, 'NOVO TRIUNFO', 5),
(2110, 'OLINDINA', 5),
(2111, 'OLIVEIRA DOS BREJINHOS', 5),
(2112, 'OURICANGAS', 5),
(2113, 'OUROLANDIA', 5),
(2114, 'PALMAS DE MONTE ALTO', 5),
(2115, 'PALMEIRAS', 5),
(2116, 'PARAMIRIM', 5),
(2117, 'PARATINGA', 5),
(2118, 'PARIPIRANGA', 5),
(2119, 'PAU BRASIL', 5),
(2120, 'PAULO AFONSO', 5),
(2121, 'PE DE SERRA', 5),
(2122, 'PEDRAO', 5),
(2123, 'PEDRO ALEXANDRE', 5),
(2124, 'PIATA', 5),
(2125, 'PILAO ARCADO', 5),
(2126, 'PINDAI', 5),
(2127, 'PINDOBACU', 5),
(2128, 'PINTADAS', 5),
(2129, 'PIRAI DO NORTE', 5),
(2130, 'PIRIPA', 5),
(2131, 'PIRITIBA', 5),
(2132, 'PLANALTINO', 5),
(2133, 'PLANALTO', 5),
(2134, 'POCOES', 5),
(2135, 'POJUCA', 5),
(2136, 'PONTO NOVO', 5),
(2137, 'PORTO SEGURO', 5),
(2138, 'POTIRAGUA', 5),
(2139, 'PRADO', 5),
(2140, 'PRESIDENTE DUTRA', 5),
(2141, 'PRESIDENTE JANIO QUADROS', 5),
(2142, 'PRESIDENTE TANCREDO NEVES', 5),
(2143, 'QUEIMADAS', 5),
(2144, 'QUIJINGUE', 5),
(2145, 'QUIXABEIRA', 5),
(2146, 'RAFAEL JAMBEIRO', 5),
(2147, 'REMANSO', 5),
(2148, 'RETIROLANDIA', 5),
(2149, 'RIACHAO DAS NEVES', 5),
(2150, 'RIACHAO DO JACUIPE', 5),
(2151, 'RIACHO DE SANTANA', 5),
(2152, 'RIBEIRA DO AMPARO', 5),
(2153, 'RIBEIRA DO POMBAL', 5),
(2154, 'RIBEIRAO DO LARGO', 5),
(2155, 'RIO DE CONTAS', 5),
(2156, 'RIO DO ANTONIO', 5),
(2157, 'RIO DO PIRES', 5),
(2158, 'RIO REAL', 5),
(2159, 'RODELAS', 5),
(2160, 'RUY BARBOSA', 5),
(2161, 'SALINAS DA MARGARIDA', 5),
(2162, 'SALVADOR', 5),
(2163, 'SANTA BARBARA', 5),
(2164, 'SANTA BRIGIDA', 5),
(2165, 'SANTA CRUZ CABRALIA', 5),
(2166, 'SANTA CRUZ DA VITORIA', 5),
(2167, 'SANTA INES', 5),
(2168, 'SANTALUZ', 5),
(2169, 'SANTA LUZIA', 5),
(2170, 'SANTA MARIA DA VITORIA', 5),
(2171, 'SANTANA', 5),
(2172, 'SANTANOPOLIS', 5),
(2173, 'SANTA RITA DE CASSIA', 5),
(2174, 'SANTA TERESINHA', 5),
(2175, 'SANTO AMARO', 5),
(2176, 'SANTO ANTONIO DE JESUS', 5),
(2177, 'SANTO ESTEVAO', 5),
(2178, 'SAO DESIDERIO', 5),
(2179, 'SAO DOMINGOS', 5),
(2180, 'SAO FELIX', 5),
(2181, 'SAO FELIX DO CORIBE', 5),
(2182, 'SAO FELIPE', 5),
(2183, 'SAO FRANCISCO DO CONDE', 5),
(2184, 'SAO GABRIEL', 5),
(2185, 'SAO GONCALO DOS CAMPOS', 5),
(2186, 'SAO JOSE DA VITORIA', 5),
(2187, 'SAO JOSE DO JACUIPE', 5),
(2188, 'SAO MIGUEL DAS MATAS', 5),
(2189, 'SAO SEBASTIAO DO PASSE', 5),
(2190, 'SAPEACU', 5),
(2191, 'SATIRO DIAS', 5),
(2192, 'SAUBARA', 5),
(2193, 'SAUDE', 5),
(2194, 'SEABRA', 5),
(2195, 'SEBASTIAO LARANJEIRAS', 5),
(2196, 'SENHOR DO BONFIM', 5),
(2197, 'SERRA DO RAMALHO', 5),
(2198, 'SENTO SE', 5),
(2199, 'SERRA DOURADA', 5),
(2200, 'SERRA PRETA', 5),
(2201, 'SERRINHA', 5),
(2202, 'SERROLANDIA', 5),
(2203, 'SIMOES FILHO', 5),
(2204, 'SITIO DO MATO', 5),
(2205, 'SITIO DO QUINTO', 5),
(2206, 'SOBRADINHO', 5),
(2207, 'SOUTO SOARES', 5),
(2208, 'TABOCAS DO BREJO VELHO', 5),
(2209, 'TANHACU', 5),
(2210, 'TANQUE NOVO', 5),
(2211, 'TANQUINHO', 5),
(2212, 'TAPEROA', 5),
(2213, 'TAPIRAMUTA', 5),
(2214, 'TEIXEIRA DE FREITAS', 5),
(2215, 'TEODORO SAMPAIO', 5),
(2216, 'TEOFILANDIA', 5),
(2217, 'TEOLANDIA', 5),
(2218, 'TERRA NOVA', 5),
(2219, 'TREMEDAL', 5),
(2220, 'TUCANO', 5),
(2221, 'UAUA', 5),
(2222, 'UBAIRA', 5),
(2223, 'UBAITABA', 5),
(2224, 'UBATA', 5),
(2225, 'UIBAI', 5),
(2226, 'UMBURANAS', 5),
(2227, 'UNA', 5),
(2228, 'URANDI', 5),
(2229, 'URUCUCA', 5),
(2230, 'UTINGA', 5),
(2231, 'VALENCA', 5),
(2232, 'VALENTE', 5),
(2233, 'VARZEA DA ROCA', 5),
(2234, 'VARZEA DO POCO', 5),
(2235, 'VARZEA NOVA', 5),
(2236, 'VARZEDO', 5),
(2237, 'VERA CRUZ', 5),
(2238, 'VEREDA', 5),
(2239, 'VITORIA DA CONQUISTA', 5),
(2240, 'WAGNER', 5),
(2241, 'WANDERLEY', 5),
(2242, 'WENCESLAU GUIMARAES', 5),
(2243, 'XIQUE-XIQUE', 5),
(2244, 'ABADIA DOS DOURADOS', 11),
(2245, 'ABAETE', 11),
(2246, 'ABRE CAMPO', 11),
(2247, 'ACAIACA', 11),
(2248, 'ACUCENA', 11),
(2249, 'AGUA BOA', 11),
(2250, 'AGUA COMPRIDA', 11),
(2251, 'AGUANIL', 11),
(2252, 'AGUAS FORMOSAS', 11),
(2253, 'AGUAS VERMELHAS', 11),
(2254, 'AIMORES', 11),
(2255, 'AIURUOCA', 11),
(2256, 'ALAGOA', 11),
(2257, 'ALBERTINA', 11),
(2258, 'ALEM PARAIBA', 11),
(2259, 'ALFENAS', 11),
(2260, 'ALFREDO VASCONCELOS', 11),
(2261, 'ALMENARA', 11),
(2262, 'ALPERCATA', 11),
(2263, 'ALPINOPOLIS', 11),
(2264, 'ALTEROSA', 11),
(2265, 'ALTO CAPARAO', 11),
(2266, 'ALTO RIO DOCE', 11),
(2267, 'ALVARENGA', 11),
(2268, 'ALVINOPOLIS', 11),
(2269, 'ALVORADA DE MINAS', 11),
(2270, 'AMPARO DO SERRA', 11),
(2271, 'ANDRADAS', 11),
(2272, 'CACHOEIRA DE PAJEU', 11),
(2273, 'ANDRELANDIA', 11),
(2274, 'ANGELANDIA', 11),
(2275, 'ANTONIO CARLOS', 11),
(2276, 'ANTONIO DIAS', 11),
(2277, 'ANTONIO PRADO DE MINAS', 11),
(2278, 'ARACAI', 11),
(2279, 'ARACITABA', 11),
(2280, 'ARACUAI', 11),
(2281, 'ARAGUARI', 11),
(2282, 'ARANTINA', 11),
(2283, 'ARAPONGA', 11),
(2284, 'ARAPORA', 11),
(2285, 'ARAPUA', 11),
(2286, 'ARAUJOS', 11),
(2287, 'ARAXA', 11),
(2288, 'ARCEBURGO', 11),
(2289, 'ARCOS', 11),
(2290, 'AREADO', 11),
(2291, 'ARGIRITA', 11),
(2292, 'ARICANDUVA', 11),
(2293, 'ARINOS', 11),
(2294, 'ASTOLFO DUTRA', 11),
(2295, 'ATALEIA', 11),
(2296, 'AUGUSTO DE LIMA', 11),
(2297, 'BAEPENDI', 11),
(2298, 'BALDIM', 11),
(2299, 'BAMBUI', 11),
(2300, 'BANDEIRA', 11),
(2301, 'BANDEIRA DO SUL', 11),
(2302, 'BARAO DE COCAIS', 11),
(2303, 'BARAO DE MONTE ALTO', 11),
(2304, 'BARBACENA', 11),
(2305, 'BARRA LONGA', 11),
(2306, 'BARROSO', 11),
(2307, 'BELA VISTA DE MINAS', 11),
(2308, 'BELMIRO BRAGA', 11),
(2309, 'BELO HORIZONTE', 11),
(2310, 'BELO ORIENTE', 11),
(2311, 'BELO VALE', 11),
(2312, 'BERILO', 11),
(2313, 'BERTOPOLIS', 11),
(2314, 'BERIZAL', 11),
(2315, 'BETIM', 11),
(2316, 'BIAS FORTES', 11),
(2317, 'BICAS', 11),
(2318, 'BIQUINHAS', 11),
(2319, 'BOA ESPERANCA', 11),
(2320, 'BOCAINA DE MINAS', 11),
(2321, 'BOCAIUVA', 11),
(2322, 'BOM DESPACHO', 11),
(2323, 'BOM JARDIM DE MINAS', 11),
(2324, 'BOM JESUS DA PENHA', 11),
(2325, 'BOM JESUS DO AMPARO', 11),
(2326, 'BOM JESUS DO GALHO', 11),
(2327, 'BOM REPOUSO', 11),
(2328, 'BOM SUCESSO', 11),
(2329, 'BONFIM', 11),
(2330, 'BONFINOPOLIS DE MINAS', 11),
(2331, 'BONITO DE MINAS', 11),
(2332, 'BORDA DA MATA', 11),
(2333, 'BOTELHOS', 11),
(2334, 'BOTUMIRIM', 11),
(2335, 'BRASILANDIA DE MINAS', 11),
(2336, 'BRASILIA DE MINAS', 11),
(2337, 'BRAS PIRES', 11),
(2338, 'BRAUNAS', 11),
(2339, 'BRASOPOLIS', 11),
(2340, 'BRUMADINHO', 11),
(2341, 'BUENO BRANDAO', 11),
(2342, 'BUENOPOLIS', 11),
(2343, 'BUGRE', 11),
(2344, 'BURITIS', 11),
(2345, 'BURITIZEIRO', 11),
(2346, 'CABECEIRA GRANDE', 11),
(2347, 'CABO VERDE', 11),
(2348, 'CACHOEIRA DA PRATA', 11),
(2349, 'CACHOEIRA DE MINAS', 11),
(2350, 'CACHOEIRA DOURADA', 11),
(2351, 'CAETANOPOLIS', 11),
(2352, 'CAETE', 11),
(2353, 'CAIANA', 11),
(2354, 'CAJURI', 11),
(2355, 'CALDAS', 11),
(2356, 'CAMACHO', 11),
(2357, 'CAMANDUCAIA', 11),
(2358, 'CAMBUI', 11),
(2359, 'CAMBUQUIRA', 11),
(2360, 'CAMPANARIO', 11),
(2361, 'CAMPANHA', 11),
(2362, 'CAMPESTRE', 11),
(2363, 'CAMPINA VERDE', 11),
(2364, 'CAMPO AZUL', 11),
(2365, 'CAMPO BELO', 11),
(2366, 'CAMPO DO MEIO', 11),
(2367, 'CAMPO FLORIDO', 11),
(2368, 'CAMPOS ALTOS', 11),
(2369, 'CAMPOS GERAIS', 11),
(2370, 'CANAA', 11),
(2371, 'CANAPOLIS', 11),
(2372, 'CANA VERDE', 11),
(2373, 'CANDEIAS', 11),
(2374, 'CANTAGALO', 11),
(2375, 'CAPARAO', 11),
(2376, 'CAPELA NOVA', 11),
(2377, 'CAPELINHA', 11),
(2378, 'CAPETINGA', 11),
(2379, 'CAPIM BRANCO', 11),
(2380, 'CAPINOPOLIS', 11),
(2381, 'CAPITAO ANDRADE', 11),
(2382, 'CAPITAO ENEAS', 11),
(2383, 'CAPITOLIO', 11),
(2384, 'CAPUTIRA', 11),
(2385, 'CARAI', 11),
(2386, 'CARANAIBA', 11),
(2387, 'CARANDAI', 11),
(2388, 'CARANGOLA', 11),
(2389, 'CARATINGA', 11),
(2390, 'CARBONITA', 11),
(2391, 'CAREACU', 11),
(2392, 'CARLOS CHAGAS', 11),
(2393, 'CARMESIA', 11),
(2394, 'CARMO DA CACHOEIRA', 11),
(2395, 'CARMO DA MATA', 11),
(2396, 'CARMO DE MINAS', 11),
(2397, 'CARMO DO CAJURU', 11),
(2398, 'CARMO DO PARANAIBA', 11),
(2399, 'CARMO DO RIO CLARO', 11),
(2400, 'CARMOPOLIS DE MINAS', 11),
(2401, 'CARNEIRINHO', 11),
(2402, 'CARRANCAS', 11),
(2403, 'CARVALHOPOLIS', 11),
(2404, 'CARVALHOS', 11),
(2405, 'CASA GRANDE', 11),
(2406, 'CASCALHO RICO', 11),
(2407, 'CASSIA', 11),
(2408, 'CONCEICAO DA BARRA DE MINAS', 11),
(2409, 'CATAGUASES', 11),
(2410, 'CATAS ALTAS', 11),
(2411, 'CATAS ALTAS DA NORUEGA', 11),
(2412, 'CATUJI', 11),
(2413, 'CATUTI', 11),
(2414, 'CAXAMBU', 11),
(2415, 'CEDRO DO ABAETE', 11),
(2416, 'CENTRAL DE MINAS', 11),
(2417, 'CENTRALINA', 11),
(2418, 'CHACARA', 11),
(2419, 'CHALE', 11),
(2420, 'CHAPADA DO NORTE', 11),
(2421, 'CHAPADA GAUCHA', 11),
(2422, 'CHIADOR', 11),
(2423, 'CIPOTANEA', 11),
(2424, 'CLARAVAL', 11),
(2425, 'CLARO DOS POCOES', 11),
(2426, 'CLAUDIO', 11),
(2427, 'COIMBRA', 11),
(2428, 'COLUNA', 11),
(2429, 'COMENDADOR GOMES', 11),
(2430, 'COMERCINHO', 11),
(2431, 'CONCEICAO DA APARECIDA', 11),
(2432, 'CONCEICAO DAS PEDRAS', 11),
(2433, 'CONCEICAO DAS ALAGOAS', 11),
(2434, 'CONCEICAO DE IPANEMA', 11),
(2435, 'CONCEICAO DO MATO DENTRO', 11),
(2436, 'CONCEICAO DO PARA', 11),
(2437, 'CONCEICAO DO RIO VERDE', 11),
(2438, 'CONCEICAO DOS OUROS', 11),
(2439, 'CONEGO MARINHO', 11),
(2440, 'CONFINS', 11),
(2441, 'CONGONHAL', 11),
(2442, 'CONGONHAS', 11),
(2443, 'CONGONHAS DO NORTE', 11),
(2444, 'CONQUISTA', 11),
(2445, 'CONSELHEIRO LAFAIETE', 11),
(2446, 'CONSELHEIRO PENA', 11),
(2447, 'CONSOLACAO', 11),
(2448, 'CONTAGEM', 11),
(2449, 'COQUEIRAL', 11),
(2450, 'CORACAO DE JESUS', 11),
(2451, 'CORDISBURGO', 11),
(2452, 'CORDISLANDIA', 11),
(2453, 'CORINTO', 11),
(2454, 'COROACI', 11),
(2455, 'COROMANDEL', 11),
(2456, 'CORONEL FABRICIANO', 11),
(2457, 'CORONEL MURTA', 11),
(2458, 'CORONEL PACHECO', 11),
(2459, 'CORONEL XAVIER CHAVES', 11),
(2460, 'CORREGO DANTA', 11),
(2461, 'CORREGO DO BOM JESUS', 11),
(2462, 'CORREGO FUNDO', 11),
(2463, 'CORREGO NOVO', 11),
(2464, 'COUTO DE MAGALHAES DE MINAS', 11),
(2465, 'CRISOLITA', 11),
(2466, 'CRISTAIS', 11),
(2467, 'CRISTALIA', 11),
(2468, 'CRISTIANO OTONI', 11),
(2469, 'CRISTINA', 11),
(2470, 'CRUCILANDIA', 11),
(2471, 'CRUZEIRO DA FORTALEZA', 11),
(2472, 'CRUZILIA', 11),
(2473, 'CUPARAQUE', 11),
(2474, 'CURRAL DE DENTRO', 11),
(2475, 'CURVELO', 11),
(2476, 'DATAS', 11),
(2477, 'DELFIM MOREIRA', 11),
(2478, 'DELFINOPOLIS', 11),
(2479, 'DELTA', 11),
(2480, 'DESCOBERTO', 11),
(2481, 'DESTERRO DE ENTRE RIOS', 11),
(2482, 'DESTERRO DO MELO', 11),
(2483, 'DIAMANTINA', 11),
(2484, 'DIOGO DE VASCONCELOS', 11),
(2485, 'DIONISIO', 11),
(2486, 'DIVINESIA', 11),
(2487, 'DIVINO', 11),
(2488, 'DIVINO DAS LARANJEIRAS', 11),
(2489, 'DIVINOLANDIA DE MINAS', 11),
(2490, 'DIVINOPOLIS', 11),
(2491, 'DIVISA ALEGRE', 11),
(2492, 'DIVISA NOVA', 11),
(2493, 'DIVISOPOLIS', 11),
(2494, 'DOM BOSCO', 11),
(2495, 'DOM CAVATI', 11),
(2496, 'DOM JOAQUIM', 11),
(2497, 'DOM SILVERIO', 11),
(2498, 'DOM VICOSO', 11),
(2499, 'DONA EUSEBIA', 11),
(2500, 'DORES DE CAMPOS', 11),
(2501, 'DORES DE GUANHAES', 11),
(2502, 'DORES DO INDAIA', 11),
(2503, 'DORES DO TURVO', 11),
(2504, 'DORESOPOLIS', 11),
(2505, 'DOURADOQUARA', 11),
(2506, 'DURANDE', 11),
(2507, 'ELOI MENDES', 11),
(2508, 'ENGENHEIRO CALDAS', 11),
(2509, 'ENGENHEIRO NAVARRO', 11),
(2510, 'ENTRE FOLHAS', 11),
(2511, 'ENTRE RIOS DE MINAS', 11),
(2512, 'ERVALIA', 11),
(2513, 'ESMERALDAS', 11),
(2514, 'ESPERA FELIZ', 11),
(2515, 'ESPINOSA', 11),
(2516, 'ESPIRITO SANTO DO DOURADO', 11),
(2517, 'ESTIVA', 11),
(2518, 'ESTRELA DALVA', 11),
(2519, 'ESTRELA DO INDAIA', 11),
(2520, 'ESTRELA DO SUL', 11),
(2521, 'EUGENOPOLIS', 11),
(2522, 'EWBANK DA CAMARA', 11),
(2523, 'EXTREMA', 11),
(2524, 'FAMA', 11),
(2525, 'FARIA LEMOS', 11),
(2526, 'FELICIO DOS SANTOS', 11),
(2527, 'SAO GONCALO DO RIO PRETO', 11),
(2528, 'FELISBURGO', 11),
(2529, 'FELIXLANDIA', 11),
(2530, 'FERNANDES TOURINHO', 11),
(2531, 'FERROS', 11),
(2532, 'FERVEDOURO', 11),
(2533, 'FLORESTAL', 11),
(2534, 'FORMIGA', 11),
(2535, 'FORMOSO', 11),
(2536, 'FORTALEZA DE MINAS', 11),
(2537, 'FORTUNA DE MINAS', 11),
(2538, 'FRANCISCO BADARO', 11),
(2539, 'FRANCISCO DUMONT', 11),
(2540, 'FRANCISCO SA', 11),
(2541, 'FRANCISCOPOLIS', 11),
(2542, 'FREI GASPAR', 11),
(2543, 'FREI INOCENCIO', 11),
(2544, 'FREI LAGONEGRO', 11),
(2545, 'FRONTEIRA', 11),
(2546, 'FRONTEIRA DOS VALES', 11),
(2547, 'FRUTA DE LEITE', 11),
(2548, 'FRUTAL', 11),
(2549, 'FUNILANDIA', 11),
(2550, 'GALILEIA', 11),
(2551, 'GAMELEIRAS', 11),
(2552, 'GLAUCILANDIA', 11),
(2553, 'GOIABEIRA', 11),
(2554, 'GOIANA', 11),
(2555, 'GONCALVES', 11),
(2556, 'GONZAGA', 11),
(2557, 'GOUVEIA', 11),
(2558, 'GOVERNADOR VALADARES', 11),
(2559, 'GRAO MOGOL', 11),
(2560, 'GRUPIARA', 11),
(2561, 'GUANHAES', 11),
(2562, 'GUAPE', 11),
(2563, 'GUARACIABA', 11),
(2564, 'GUARACIAMA', 11),
(2565, 'GUARANESIA', 11),
(2566, 'GUARANI', 11),
(2567, 'GUARARA', 11),
(2568, 'GUARDA-MOR', 11),
(2569, 'GUAXUPE', 11),
(2570, 'GUIDOVAL', 11),
(2571, 'GUIMARANIA', 11),
(2572, 'GUIRICEMA', 11),
(2573, 'GURINHATA', 11),
(2574, 'HELIODORA', 11),
(2575, 'IAPU', 11),
(2576, 'IBERTIOGA', 11),
(2577, 'IBIA', 11),
(2578, 'IBIAI', 11),
(2579, 'IBIRACATU', 11),
(2580, 'IBIRACI', 11),
(2581, 'IBIRITE', 11),
(2582, 'IBITIURA DE MINAS', 11),
(2583, 'IBITURUNA', 11),
(2584, 'ICARAI DE MINAS', 11),
(2585, 'IGARAPE', 11),
(2586, 'IGARATINGA', 11),
(2587, 'IGUATAMA', 11),
(2588, 'IJACI', 11),
(2589, 'ILICINEA', 11),
(2590, 'IMBE DE MINAS', 11),
(2591, 'INCONFIDENTES', 11),
(2592, 'INDAIABIRA', 11),
(2593, 'INDIANOPOLIS', 11),
(2594, 'INGAI', 11),
(2595, 'INHAPIM', 11),
(2596, 'INHAUMA', 11),
(2597, 'INIMUTABA', 11),
(2598, 'IPABA', 11),
(2599, 'IPANEMA', 11),
(2600, 'IPATINGA', 11),
(2601, 'IPIACU', 11),
(2602, 'IPUIUNA', 11),
(2603, 'IRAI DE MINAS', 11),
(2604, 'ITABIRA', 11),
(2605, 'ITABIRINHA', 11),
(2606, 'ITABIRITO', 11),
(2607, 'ITACAMBIRA', 11),
(2608, 'ITACARAMBI', 11),
(2609, 'ITAGUARA', 11),
(2610, 'ITAIPE', 11),
(2611, 'ITAJUBA', 11),
(2612, 'ITAMARANDIBA', 11),
(2613, 'ITAMARATI DE MINAS', 11),
(2614, 'ITAMBACURI', 11),
(2615, 'ITAMBE DO MATO DENTRO', 11),
(2616, 'ITAMOGI', 11),
(2617, 'ITAMONTE', 11),
(2618, 'ITANHANDU', 11),
(2619, 'ITANHOMI', 11),
(2620, 'ITAOBIM', 11),
(2621, 'ITAPAGIPE', 11),
(2622, 'ITAPECERICA', 11),
(2623, 'ITAPEVA', 11),
(2624, 'ITATIAIUCU', 11),
(2625, 'ITAU DE MINAS', 11),
(2626, 'ITAUNA', 11),
(2627, 'ITAVERAVA', 11),
(2628, 'ITINGA', 11),
(2629, 'ITUETA', 11),
(2630, 'ITUIUTABA', 11),
(2631, 'ITUMIRIM', 11),
(2632, 'ITURAMA', 11),
(2633, 'ITUTINGA', 11),
(2634, 'JABOTICATUBAS', 11),
(2635, 'JACINTO', 11),
(2636, 'JACUI', 11),
(2637, 'JACUTINGA', 11),
(2638, 'JAGUARACU', 11),
(2639, 'JAIBA', 11),
(2640, 'JAMPRUCA', 11),
(2641, 'JANAUBA', 11),
(2642, 'JANUARIA', 11),
(2643, 'JAPARAIBA', 11),
(2644, 'JAPONVAR', 11),
(2645, 'JECEABA', 11),
(2646, 'JENIPAPO DE MINAS', 11),
(2647, 'JEQUERI', 11),
(2648, 'JEQUITAI', 11),
(2649, 'JEQUITIBA', 11),
(2650, 'JEQUITINHONHA', 11),
(2651, 'JESUANIA', 11),
(2652, 'JOAIMA', 11),
(2653, 'JOANESIA', 11),
(2654, 'JOAO MONLEVADE', 11),
(2655, 'JOAO PINHEIRO', 11),
(2656, 'JOAQUIM FELICIO', 11),
(2657, 'JORDANIA', 11),
(2658, 'JOSE GONCALVES DE MINAS', 11),
(2659, 'JOSE RAYDAN', 11),
(2660, 'JOSENOPOLIS', 11),
(2661, 'NOVA UNIAO', 11),
(2662, 'JUATUBA', 11),
(2663, 'JUIZ DE FORA', 11),
(2664, 'JURAMENTO', 11),
(2665, 'JURUAIA', 11),
(2666, 'JUVENILIA', 11),
(2667, 'LADAINHA', 11),
(2668, 'LAGAMAR', 11),
(2669, 'LAGOA DA PRATA', 11),
(2670, 'LAGOA DOS PATOS', 11),
(2671, 'LAGOA DOURADA', 11),
(2672, 'LAGOA FORMOSA', 11),
(2673, 'LAGOA GRANDE', 11),
(2674, 'LAGOA SANTA', 11),
(2675, 'LAJINHA', 11),
(2676, 'LAMBARI', 11),
(2677, 'LAMIM', 11),
(2678, 'LARANJAL', 11),
(2679, 'LASSANCE', 11),
(2680, 'LAVRAS', 11),
(2681, 'LEANDRO FERREIRA', 11),
(2682, 'LEME DO PRADO', 11),
(2683, 'LEOPOLDINA', 11),
(2684, 'LIBERDADE', 11),
(2685, 'LIMA DUARTE', 11),
(2686, 'LIMEIRA DO OESTE', 11),
(2687, 'LONTRA', 11),
(2688, 'LUISBURGO', 11),
(2689, 'LUISLANDIA', 11),
(2690, 'LUMINARIAS', 11),
(2691, 'LUZ', 11),
(2692, 'MACHACALIS', 11),
(2693, 'MACHADO', 11),
(2694, 'MADRE DE DEUS DE MINAS', 11),
(2695, 'MALACACHETA', 11),
(2696, 'MAMONAS', 11),
(2697, 'MANGA', 11),
(2698, 'MANHUACU', 11),
(2699, 'MANHUMIRIM', 11),
(2700, 'MANTENA', 11),
(2701, 'MARAVILHAS', 11),
(2702, 'MAR DE ESPANHA', 11),
(2703, 'MARIA DA FE', 11),
(2704, 'MARIANA', 11),
(2705, 'MARILAC', 11),
(2706, 'MARIO CAMPOS', 11),
(2707, 'MARIPA DE MINAS', 11),
(2708, 'MARLIERIA', 11),
(2709, 'MARMELOPOLIS', 11),
(2710, 'MARTINHO CAMPOS', 11),
(2711, 'MARTINS SOARES', 11),
(2712, 'MATA VERDE', 11),
(2713, 'MATERLANDIA', 11),
(2714, 'MATEUS LEME', 11),
(2715, 'MATIAS BARBOSA', 11),
(2716, 'MATIAS CARDOSO', 11),
(2717, 'MATIPO', 11),
(2718, 'MATO VERDE', 11),
(2719, 'MATOZINHOS', 11),
(2720, 'MATUTINA', 11),
(2721, 'MEDEIROS', 11),
(2722, 'MEDINA', 11),
(2723, 'MENDES PIMENTEL', 11),
(2724, 'MERCES', 11),
(2725, 'MESQUITA', 11),
(2726, 'MINAS NOVAS', 11),
(2727, 'MINDURI', 11),
(2728, 'MIRABELA', 11),
(2729, 'MIRADOURO', 11),
(2730, 'MIRAI', 11),
(2731, 'MIRAVANIA', 11),
(2732, 'MOEDA', 11),
(2733, 'MOEMA', 11),
(2734, 'MONJOLOS', 11),
(2735, 'MONSENHOR PAULO', 11),
(2736, 'MONTALVANIA', 11),
(2737, 'MONTE ALEGRE DE MINAS', 11),
(2738, 'MONTE AZUL', 11),
(2739, 'MONTE BELO', 11),
(2740, 'MONTE CARMELO', 11),
(2741, 'MONTE FORMOSO', 11),
(2742, 'MONTE SANTO DE MINAS', 11),
(2743, 'MONTES CLAROS', 11),
(2744, 'MONTE SIAO', 11),
(2745, 'MONTEZUMA', 11),
(2746, 'MORADA NOVA DE MINAS', 11),
(2747, 'MORRO DA GARCA', 11),
(2748, 'MORRO DO PILAR', 11),
(2749, 'MUNHOZ', 11),
(2750, 'MURIAE', 11),
(2751, 'MUTUM', 11),
(2752, 'MUZAMBINHO', 11),
(2753, 'NACIP RAYDAN', 11),
(2754, 'NANUQUE', 11),
(2755, 'NAQUE', 11),
(2756, 'NATALANDIA', 11),
(2757, 'NATERCIA', 11),
(2758, 'NAZARENO', 11),
(2759, 'NEPOMUCENO', 11),
(2760, 'NINHEIRA', 11),
(2761, 'NOVA BELEM', 11),
(2762, 'NOVA ERA', 11),
(2763, 'NOVA LIMA', 11),
(2764, 'NOVA MODICA', 11),
(2765, 'NOVA PONTE', 11),
(2766, 'NOVA PORTEIRINHA', 11),
(2767, 'NOVA RESENDE', 11),
(2768, 'NOVA SERRANA', 11),
(2769, 'NOVO CRUZEIRO', 11),
(2770, 'NOVO ORIENTE DE MINAS', 11),
(2771, 'NOVORIZONTE', 11),
(2772, 'OLARIA', 11),
(2773, 'OLHOS-D''AGUA', 11),
(2774, 'OLIMPIO NORONHA', 11),
(2775, 'OLIVEIRA', 11),
(2776, 'OLIVEIRA FORTES', 11),
(2777, 'ONCA DE PITANGUI', 11),
(2778, 'ORATORIOS', 11),
(2779, 'ORIZANIA', 11),
(2780, 'OURO BRANCO', 11),
(2781, 'OURO FINO', 11),
(2782, 'OURO PRETO', 11),
(2783, 'OURO VERDE DE MINAS', 11),
(2784, 'PADRE CARVALHO', 11),
(2785, 'PADRE PARAISO', 11),
(2786, 'PAINEIRAS', 11),
(2787, 'PAINS', 11),
(2788, 'PAI PEDRO', 11),
(2789, 'PAIVA', 11),
(2790, 'PALMA', 11),
(2791, 'PALMOPOLIS', 11),
(2792, 'PAPAGAIOS', 11),
(2793, 'PARACATU', 11),
(2794, 'PARA DE MINAS', 11),
(2795, 'PARAGUACU', 11),
(2796, 'PARAISOPOLIS', 11),
(2797, 'PARAOPEBA', 11),
(2798, 'PASSABEM', 11),
(2799, 'PASSA QUATRO', 11),
(2800, 'PASSA TEMPO', 11),
(2801, 'PASSA-VINTE', 11),
(2802, 'PASSOS', 11),
(2803, 'PATIS', 11),
(2804, 'PATOS DE MINAS', 11),
(2805, 'PATROCINIO', 11),
(2806, 'PATROCINIO DO MURIAE', 11),
(2807, 'PAULA CANDIDO', 11),
(2808, 'PAULISTAS', 11),
(2809, 'PAVAO', 11),
(2810, 'PECANHA', 11),
(2811, 'PEDRA AZUL', 11),
(2812, 'PEDRA BONITA', 11),
(2813, 'PEDRA DO ANTA', 11),
(2814, 'PEDRA DO INDAIA', 11),
(2815, 'PEDRA DOURADA', 11),
(2816, 'PEDRALVA', 11),
(2817, 'PEDRAS DE MARIA DA CRUZ', 11),
(2818, 'PEDRINOPOLIS', 11),
(2819, 'PEDRO LEOPOLDO', 11),
(2820, 'PEDRO TEIXEIRA', 11),
(2821, 'PEQUERI', 11),
(2822, 'PEQUI', 11),
(2823, 'PERDIGAO', 11),
(2824, 'PERDIZES', 11),
(2825, 'PERDOES', 11),
(2826, 'PERIQUITO', 11),
(2827, 'PESCADOR', 11),
(2828, 'PIAU', 11),
(2829, 'PIEDADE DE CARATINGA', 11),
(2830, 'PIEDADE DE PONTE NOVA', 11),
(2831, 'PIEDADE DO RIO GRANDE', 11),
(2832, 'PIEDADE DOS GERAIS', 11),
(2833, 'PIMENTA', 11),
(2834, 'PINGO-D''AGUA', 11),
(2835, 'PINTOPOLIS', 11),
(2836, 'PIRACEMA', 11),
(2837, 'PIRAJUBA', 11),
(2838, 'PIRANGA', 11),
(2839, 'PIRANGUCU', 11),
(2840, 'PIRANGUINHO', 11),
(2841, 'PIRAPETINGA', 11),
(2842, 'PIRAPORA', 11),
(2843, 'PIRAUBA', 11),
(2844, 'PITANGUI', 11),
(2845, 'PIUMHI', 11),
(2846, 'PLANURA', 11),
(2847, 'POCO FUNDO', 11),
(2848, 'POCOS DE CALDAS', 11),
(2849, 'POCRANE', 11),
(2850, 'POMPEU', 11),
(2851, 'PONTE NOVA', 11),
(2852, 'PONTO CHIQUE', 11),
(2853, 'PONTO DOS VOLANTES', 11),
(2854, 'PORTEIRINHA', 11),
(2855, 'PORTO FIRME', 11),
(2856, 'POTE', 11),
(2857, 'POUSO ALEGRE', 11),
(2858, 'POUSO ALTO', 11),
(2859, 'PRADOS', 11),
(2860, 'PRATA', 11),
(2861, 'PRATAPOLIS', 11),
(2862, 'PRATINHA', 11),
(2863, 'PRESIDENTE BERNARDES', 11),
(2864, 'PRESIDENTE JUSCELINO', 11),
(2865, 'PRESIDENTE KUBITSCHEK', 11),
(2866, 'PRESIDENTE OLEGARIO', 11),
(2867, 'ALTO JEQUITIBA', 11),
(2868, 'PRUDENTE DE MORAIS', 11),
(2869, 'QUARTEL GERAL', 11),
(2870, 'QUELUZITO', 11),
(2871, 'RAPOSOS', 11),
(2872, 'RAUL SOARES', 11),
(2873, 'RECREIO', 11),
(2874, 'REDUTO', 11),
(2875, 'RESENDE COSTA', 11),
(2876, 'RESPLENDOR', 11),
(2877, 'RESSAQUINHA', 11),
(2878, 'RIACHINHO', 11),
(2879, 'RIACHO DOS MACHADOS', 11),
(2880, 'RIBEIRAO DAS NEVES', 11),
(2881, 'RIBEIRAO VERMELHO', 11),
(2882, 'RIO ACIMA', 11),
(2883, 'RIO CASCA', 11),
(2884, 'RIO DOCE', 11),
(2885, 'RIO DO PRADO', 11),
(2886, 'RIO ESPERA', 11),
(2887, 'RIO MANSO', 11),
(2888, 'RIO NOVO', 11),
(2889, 'RIO PARANAIBA', 11),
(2890, 'RIO PARDO DE MINAS', 11),
(2891, 'RIO PIRACICABA', 11),
(2892, 'RIO POMBA', 11),
(2893, 'RIO PRETO', 11),
(2894, 'RIO VERMELHO', 11),
(2895, 'RITAPOLIS', 11),
(2896, 'ROCHEDO DE MINAS', 11),
(2897, 'RODEIRO', 11),
(2898, 'ROMARIA', 11),
(2899, 'ROSARIO DA LIMEIRA', 11),
(2900, 'RUBELITA', 11),
(2901, 'RUBIM', 11),
(2902, 'SABARA', 11),
(2903, 'SABINOPOLIS', 11),
(2904, 'SACRAMENTO', 11),
(2905, 'SALINAS', 11),
(2906, 'SALTO DA DIVISA', 11),
(2907, 'SANTA BARBARA', 11),
(2908, 'SANTA BARBARA DO LESTE', 11),
(2909, 'SANTA BARBARA DO MONTE VERDE', 11),
(2910, 'SANTA BARBARA DO TUGURIO', 11),
(2911, 'SANTA CRUZ DE MINAS', 11),
(2912, 'SANTA CRUZ DE SALINAS', 11),
(2913, 'SANTA CRUZ DO ESCALVADO', 11),
(2914, 'SANTA EFIGENIA DE MINAS', 11),
(2915, 'SANTA FE DE MINAS', 11),
(2916, 'SANTA HELENA DE MINAS', 11),
(2917, 'SANTA JULIANA', 11),
(2918, 'SANTA LUZIA', 11),
(2919, 'SANTA MARGARIDA', 11),
(2920, 'SANTA MARIA DE ITABIRA', 11),
(2921, 'SANTA MARIA DO SALTO', 11),
(2922, 'SANTA MARIA DO SUACUI', 11),
(2923, 'SANTANA DA VARGEM', 11),
(2924, 'SANTANA DE CATAGUASES', 11),
(2925, 'SANTANA DE PIRAPAMA', 11),
(2926, 'SANTANA DO DESERTO', 11),
(2927, 'SANTANA DO GARAMBEU', 11),
(2928, 'SANTANA DO JACARE', 11),
(2929, 'SANTANA DO MANHUACU', 11),
(2930, 'SANTANA DO PARAISO', 11),
(2931, 'SANTANA DO RIACHO', 11),
(2932, 'SANTANA DOS MONTES', 11),
(2933, 'SANTA RITA DE CALDAS', 11),
(2934, 'SANTA RITA DE JACUTINGA', 11),
(2935, 'SANTA RITA DE MINAS', 11),
(2936, 'SANTA RITA DE IBITIPOCA', 11),
(2937, 'SANTA RITA DO ITUETO', 11),
(2938, 'SANTA RITA DO SAPUCAI', 11),
(2939, 'SANTA ROSA DA SERRA', 11),
(2940, 'SANTA VITORIA', 11),
(2941, 'SANTO ANTONIO DO AMPARO', 11),
(2942, 'SANTO ANTONIO DO AVENTUREIRO', 11),
(2943, 'SANTO ANTONIO DO GRAMA', 11),
(2944, 'SANTO ANTONIO DO ITAMBE', 11),
(2945, 'SANTO ANTONIO DO JACINTO', 11),
(2946, 'SANTO ANTONIO DO MONTE', 11),
(2947, 'SANTO ANTONIO DO RETIRO', 11),
(2948, 'SANTO ANTONIO DO RIO ABAIXO', 11),
(2949, 'SANTO HIPOLITO', 11),
(2950, 'SANTOS DUMONT', 11),
(2951, 'SAO BENTO ABADE', 11),
(2952, 'SAO BRAS DO SUACUI', 11),
(2953, 'SAO DOMINGOS DAS DORES', 11),
(2954, 'SAO DOMINGOS DO PRATA', 11),
(2955, 'SAO FELIX DE MINAS', 11),
(2956, 'SAO FRANCISCO', 11),
(2957, 'SAO FRANCISCO DE PAULA', 11),
(2958, 'SAO FRANCISCO DE SALES', 11),
(2959, 'SAO FRANCISCO DO GLORIA', 11),
(2960, 'SAO GERALDO', 11),
(2961, 'SAO GERALDO DA PIEDADE', 11),
(2962, 'SAO GERALDO DO BAIXIO', 11),
(2963, 'SAO GONCALO DO ABAETE', 11),
(2964, 'SAO GONCALO DO PARA', 11),
(2965, 'SAO GONCALO DO RIO ABAIXO', 11),
(2966, 'SAO GONCALO DO SAPUCAI', 11),
(2967, 'SAO GOTARDO', 11),
(2968, 'SAO JOAO BATISTA DO GLORIA', 11),
(2969, 'SAO JOAO DA LAGOA', 11),
(2970, 'SAO JOAO DA MATA', 11),
(2971, 'SAO JOAO DA PONTE', 11),
(2972, 'SAO JOAO DAS MISSOES', 11),
(2973, 'SAO JOAO DEL REI', 11),
(2974, 'SAO JOAO DO MANHUACU', 11),
(2975, 'SAO JOAO DO MANTENINHA', 11),
(2976, 'SAO JOAO DO ORIENTE', 11),
(2977, 'SAO JOAO DO PACUI', 11),
(2978, 'SAO JOAO DO PARAISO', 11),
(2979, 'SAO JOAO EVANGELISTA', 11),
(2980, 'SAO JOAO NEPOMUCENO', 11),
(2981, 'SAO JOAQUIM DE BICAS', 11),
(2982, 'SAO JOSE DA BARRA', 11),
(2983, 'SAO JOSE DA LAPA', 11),
(2984, 'SAO JOSE DA SAFIRA', 11),
(2985, 'SAO JOSE DA VARGINHA', 11),
(2986, 'SAO JOSE DO ALEGRE', 11),
(2987, 'SAO JOSE DO DIVINO', 11),
(2988, 'SAO JOSE DO GOIABAL', 11),
(2989, 'SAO JOSE DO JACURI', 11),
(2990, 'SAO JOSE DO MANTIMENTO', 11),
(2991, 'SAO LOURENCO', 11),
(2992, 'SAO MIGUEL DO ANTA', 11),
(2993, 'SAO PEDRO DA UNIAO', 11),
(2994, 'SAO PEDRO DOS FERROS', 11),
(2995, 'SAO PEDRO DO SUACUI', 11),
(2996, 'SAO ROMAO', 11),
(2997, 'SAO ROQUE DE MINAS', 11),
(2998, 'SAO SEBASTIAO DA BELA VISTA', 11),
(2999, 'SAO SEBASTIAO DA VARGEM ALEGRE', 11),
(3000, 'SAO SEBASTIAO DO ANTA', 11),
(3001, 'SAO SEBASTIAO DO MARANHAO', 11),
(3002, 'SAO SEBASTIAO DO OESTE', 11),
(3003, 'SAO SEBASTIAO DO PARAISO', 11),
(3004, 'SAO SEBASTIAO DO RIO PRETO', 11),
(3005, 'SAO SEBASTIAO DO RIO VERDE', 11),
(3006, 'SAO TIAGO', 11),
(3007, 'SAO TOMAS DE AQUINO', 11),
(3008, 'SAO THOME DAS LETRAS', 11),
(3009, 'SAO VICENTE DE MINAS', 11),
(3010, 'SAPUCAI-MIRIM', 11),
(3011, 'SARDOA', 11),
(3012, 'SARZEDO', 11),
(3013, 'SETUBINHA', 11),
(3014, 'SEM-PEIXE', 11),
(3015, 'SENADOR AMARAL', 11),
(3016, 'SENADOR CORTES', 11),
(3017, 'SENADOR FIRMINO', 11),
(3018, 'SENADOR JOSE BENTO', 11),
(3019, 'SENADOR MODESTINO GONCALVES', 11),
(3020, 'SENHORA DE OLIVEIRA', 11),
(3021, 'SENHORA DO PORTO', 11),
(3022, 'SENHORA DOS REMEDIOS', 11),
(3023, 'SERICITA', 11),
(3024, 'SERITINGA', 11),
(3025, 'SERRA AZUL DE MINAS', 11),
(3026, 'SERRA DA SAUDADE', 11),
(3027, 'SERRA DOS AIMORES', 11),
(3028, 'SERRA DO SALITRE', 11),
(3029, 'SERRANIA', 11),
(3030, 'SERRANOPOLIS DE MINAS', 11),
(3031, 'SERRANOS', 11),
(3032, 'SERRO', 11),
(3033, 'SETE LAGOAS', 11),
(3034, 'SILVEIRANIA', 11),
(3035, 'SILVIANOPOLIS', 11),
(3036, 'SIMAO PEREIRA', 11),
(3037, 'SIMONESIA', 11),
(3038, 'SOBRALIA', 11),
(3039, 'SOLEDADE DE MINAS', 11),
(3040, 'TABULEIRO', 11),
(3041, 'TAIOBEIRAS', 11),
(3042, 'TAPARUBA', 11),
(3043, 'TAPIRA', 11),
(3044, 'TAPIRAI', 11),
(3045, 'TAQUARACU DE MINAS', 11),
(3046, 'TARUMIRIM', 11),
(3047, 'TEIXEIRAS', 11),
(3048, 'TEOFILO OTONI', 11),
(3049, 'TIMOTEO', 11),
(3050, 'TIRADENTES', 11),
(3051, 'TIROS', 11),
(3052, 'TOCANTINS', 11),
(3053, 'TOCOS DO MOJI', 11),
(3054, 'TOLEDO', 11),
(3055, 'TOMBOS', 11),
(3056, 'TRES CORACOES', 11),
(3057, 'TRES MARIAS', 11),
(3058, 'TRES PONTAS', 11),
(3059, 'TUMIRITINGA', 11),
(3060, 'TUPACIGUARA', 11),
(3061, 'TURMALINA', 11),
(3062, 'TURVOLANDIA', 11),
(3063, 'UBA', 11),
(3064, 'UBAI', 11),
(3065, 'UBAPORANGA', 11),
(3066, 'UBERABA', 11),
(3067, 'UBERLANDIA', 11),
(3068, 'UMBURATIBA', 11),
(3069, 'UNAI', 11),
(3070, 'UNIAO DE MINAS', 11),
(3071, 'URUANA DE MINAS', 11),
(3072, 'URUCANIA', 11),
(3073, 'URUCUIA', 11),
(3074, 'VARGEM ALEGRE', 11),
(3075, 'VARGEM BONITA', 11),
(3076, 'VARGEM GRANDE DO RIO PARDO', 11),
(3077, 'VARGINHA', 11),
(3078, 'VARJAO DE MINAS', 11),
(3079, 'VARZEA DA PALMA', 11),
(3080, 'VARZELANDIA', 11),
(3081, 'VAZANTE', 11),
(3082, 'VERDELANDIA', 11),
(3083, 'VEREDINHA', 11),
(3084, 'VERISSIMO', 11),
(3085, 'VERMELHO NOVO', 11),
(3086, 'VESPASIANO', 11),
(3087, 'VICOSA', 11),
(3088, 'VIEIRAS', 11),
(3089, 'MATHIAS LOBATO', 11),
(3090, 'VIRGEM DA LAPA', 11),
(3091, 'VIRGINIA', 11),
(3092, 'VIRGINOPOLIS', 11),
(3093, 'VIRGOLANDIA', 11),
(3094, 'VISCONDE DO RIO BRANCO', 11),
(3095, 'VOLTA GRANDE', 11),
(3096, 'WENCESLAU BRAZ', 11),
(3097, 'AFONSO CLAUDIO', 8),
(3098, 'AGUIA BRANCA', 8),
(3099, 'AGUA DOCE DO NORTE', 8),
(3100, 'ALEGRE', 8),
(3101, 'ALFREDO CHAVES', 8),
(3102, 'ALTO RIO NOVO', 8),
(3103, 'ANCHIETA', 8),
(3104, 'APIACA', 8),
(3105, 'ARACRUZ', 8),
(3106, 'ATILIO VIVACQUA', 8),
(3107, 'BAIXO GUANDU', 8),
(3108, 'BARRA DE SAO FRANCISCO', 8),
(3109, 'BOA ESPERANCA', 8),
(3110, 'BOM JESUS DO NORTE', 8),
(3111, 'BREJETUBA', 8),
(3112, 'CACHOEIRO DE ITAPEMIRIM', 8),
(3113, 'CARIACICA', 8),
(3114, 'CASTELO', 8),
(3115, 'COLATINA', 8),
(3116, 'CONCEICAO DA BARRA', 8),
(3117, 'CONCEICAO DO CASTELO', 8),
(3118, 'DIVINO DE SAO LOURENCO', 8),
(3119, 'DOMINGOS MARTINS', 8),
(3120, 'DORES DO RIO PRETO', 8),
(3121, 'ECOPORANGA', 8),
(3122, 'FUNDAO', 8),
(3123, 'GOVERNADOR LINDENBERG', 8),
(3124, 'GUACUI', 8),
(3125, 'GUARAPARI', 8),
(3126, 'IBATIBA', 8),
(3127, 'IBIRACU', 8),
(3128, 'IBITIRAMA', 8),
(3129, 'ICONHA', 8),
(3130, 'IRUPI', 8),
(3131, 'ITAGUACU', 8),
(3132, 'ITAPEMIRIM', 8),
(3133, 'ITARANA', 8),
(3134, 'IUNA', 8),
(3135, 'JAGUARE', 8),
(3136, 'JERONIMO MONTEIRO', 8),
(3137, 'JOAO NEIVA', 8),
(3138, 'LARANJA DA TERRA', 8),
(3139, 'LINHARES', 8),
(3140, 'MANTENOPOLIS', 8),
(3141, 'MARATAIZES', 8),
(3142, 'MARECHAL FLORIANO', 8),
(3143, 'MARILANDIA', 8),
(3144, 'MIMOSO DO SUL', 8),
(3145, 'MONTANHA', 8),
(3146, 'MUCURICI', 8),
(3147, 'MUNIZ FREIRE', 8),
(3148, 'MUQUI', 8),
(3149, 'NOVA VENECIA', 8),
(3150, 'PANCAS', 8),
(3151, 'PEDRO CANARIO', 8),
(3152, 'PINHEIROS', 8),
(3153, 'PIUMA', 8),
(3154, 'PONTO BELO', 8),
(3155, 'PRESIDENTE KENNEDY', 8),
(3156, 'RIO BANANAL', 8),
(3157, 'RIO NOVO DO SUL', 8),
(3158, 'SANTA LEOPOLDINA', 8),
(3159, 'SANTA MARIA DE JETIBA', 8),
(3160, 'SANTA TERESA', 8),
(3161, 'SAO DOMINGOS DO NORTE', 8),
(3162, 'SAO GABRIEL DA PALHA', 8),
(3163, 'SAO JOSE DO CALCADO', 8),
(3164, 'SAO MATEUS', 8),
(3165, 'SAO ROQUE DO CANAA', 8),
(3166, 'SERRA', 8),
(3167, 'SOORETAMA', 8),
(3168, 'VARGEM ALTA', 8),
(3169, 'VENDA NOVA DO IMIGRANTE', 8),
(3170, 'VIANA', 8),
(3171, 'VILA PAVAO', 8),
(3172, 'VILA VALERIO', 8),
(3173, 'VILA VELHA', 8),
(3174, 'VITORIA', 8),
(3175, 'ANGRA DOS REIS', 19),
(3176, 'APERIBE', 19),
(3177, 'ARARUAMA', 19),
(3178, 'AREAL', 19),
(3179, 'ARMACAO DOS BUZIOS', 19),
(3180, 'ARRAIAL DO CABO', 19),
(3181, 'BARRA DO PIRAI', 19),
(3182, 'BARRA MANSA', 19),
(3183, 'BELFORD ROXO', 19),
(3184, 'BOM JARDIM', 19),
(3185, 'BOM JESUS DO ITABAPOANA', 19),
(3186, 'CABO FRIO', 19),
(3187, 'CACHOEIRAS DE MACACU', 19),
(3188, 'CAMBUCI', 19),
(3189, 'CARAPEBUS', 19),
(3190, 'COMENDADOR LEVY GASPARIAN', 19),
(3191, 'CAMPOS DOS GOYTACAZES', 19),
(3192, 'CANTAGALO', 19),
(3193, 'CARDOSO MOREIRA', 19),
(3194, 'CARMO', 19),
(3195, 'CASIMIRO DE ABREU', 19),
(3196, 'CONCEICAO DE MACABU', 19),
(3197, 'CORDEIRO', 19),
(3198, 'DUAS BARRAS', 19),
(3199, 'DUQUE DE CAXIAS', 19),
(3200, 'ENGENHEIRO PAULO DE FRONTIN', 19),
(3201, 'GUAPIMIRIM', 19),
(3202, 'IGUABA GRANDE', 19),
(3203, 'ITABORAI', 19),
(3204, 'ITAGUAI', 19),
(3205, 'ITALVA', 19),
(3206, 'ITAOCARA', 19),
(3207, 'ITAPERUNA', 19),
(3208, 'ITATIAIA', 19),
(3209, 'JAPERI', 19),
(3210, 'LAJE DO MURIAE', 19),
(3211, 'MACAE', 19),
(3212, 'MACUCO', 19),
(3213, 'MAGE', 19),
(3214, 'MANGARATIBA', 19),
(3215, 'MARICA', 19),
(3216, 'MENDES', 19),
(3217, 'MESQUITA', 19),
(3218, 'MIGUEL PEREIRA', 19),
(3219, 'MIRACEMA', 19),
(3220, 'NATIVIDADE', 19),
(3221, 'NILOPOLIS', 19),
(3222, 'NITEROI', 19),
(3223, 'NOVA FRIBURGO', 19),
(3224, 'NOVA IGUACU', 19),
(3225, 'PARACAMBI', 19),
(3226, 'PARAIBA DO SUL', 19),
(3227, 'PARATI', 19),
(3228, 'PATY DO ALFERES', 19),
(3229, 'PETROPOLIS', 19),
(3230, 'PINHEIRAL', 19),
(3231, 'PIRAI', 19),
(3232, 'PORCIUNCULA', 19),
(3233, 'PORTO REAL', 19),
(3234, 'QUATIS', 19),
(3235, 'QUEIMADOS', 19),
(3236, 'QUISSAMA', 19),
(3237, 'RESENDE', 19),
(3238, 'RIO BONITO', 19),
(3239, 'RIO CLARO', 19),
(3240, 'RIO DAS FLORES', 19),
(3241, 'RIO DAS OSTRAS', 19),
(3242, 'RIO DE JANEIRO', 19),
(3243, 'SANTA MARIA MADALENA', 19),
(3244, 'SANTO ANTONIO DE PADUA', 19),
(3245, 'SAO FRANCISCO DE ITABAPOANA', 19),
(3246, 'SAO FIDELIS', 19),
(3247, 'SAO GONCALO', 19),
(3248, 'SAO JOAO DA BARRA', 19),
(3249, 'SAO JOAO DE MERITI', 19),
(3250, 'SAO JOSE DE UBA', 19),
(3251, 'SAO JOSE DO VALE DO RIO PRETO', 19),
(3252, 'SAO PEDRO DA ALDEIA', 19),
(3253, 'SAO SEBASTIAO DO ALTO', 19),
(3254, 'SAPUCAIA', 19),
(3255, 'SAQUAREMA', 19),
(3256, 'SEROPEDICA', 19),
(3257, 'SILVA JARDIM', 19),
(3258, 'SUMIDOURO', 19),
(3259, 'TANGUA', 19),
(3260, 'TERESOPOLIS', 19),
(3261, 'TRAJANO DE MORAIS', 19),
(3262, 'TRES RIOS', 19),
(3263, 'VALENCA', 19),
(3264, 'VARRE-SAI', 19),
(3265, 'VASSOURAS', 19),
(3266, 'VOLTA REDONDA', 19),
(3267, 'ADAMANTINA', 26),
(3268, 'ADOLFO', 26),
(3269, 'AGUAI', 26),
(3270, 'AGUAS DA PRATA', 26),
(3271, 'AGUAS DE LINDOIA', 26),
(3272, 'AGUAS DE SANTA BARBARA', 26),
(3273, 'AGUAS DE SAO PEDRO', 26),
(3274, 'AGUDOS', 26),
(3275, 'ALAMBARI', 26),
(3276, 'ALFREDO MARCONDES', 26),
(3277, 'ALTAIR', 26),
(3278, 'ALTINOPOLIS', 26),
(3279, 'ALTO ALEGRE', 26),
(3280, 'ALUMINIO', 26),
(3281, 'ALVARES FLORENCE', 26),
(3282, 'ALVARES MACHADO', 26),
(3283, 'ALVARO DE CARVALHO', 26),
(3284, 'ALVINLANDIA', 26),
(3285, 'AMERICANA', 26),
(3286, 'AMERICO BRASILIENSE', 26),
(3287, 'AMERICO DE CAMPOS', 26),
(3288, 'AMPARO', 26),
(3289, 'ANALANDIA', 26),
(3290, 'ANDRADINA', 26),
(3291, 'ANGATUBA', 26),
(3292, 'ANHEMBI', 26),
(3293, 'ANHUMAS', 26),
(3294, 'APARECIDA', 26),
(3295, 'APARECIDA D''OESTE', 26),
(3296, 'APIAI', 26),
(3297, 'ARACARIGUAMA', 26),
(3298, 'ARACATUBA', 26),
(3299, 'ARACOIABA DA SERRA', 26),
(3300, 'ARAMINA', 26),
(3301, 'ARANDU', 26),
(3302, 'ARAPEI', 26),
(3303, 'ARARAQUARA', 26),
(3304, 'ARARAS', 26),
(3305, 'ARCO-IRIS', 26),
(3306, 'AREALVA', 26),
(3307, 'AREIAS', 26),
(3308, 'AREIOPOLIS', 26),
(3309, 'ARIRANHA', 26),
(3310, 'ARTUR NOGUEIRA', 26),
(3311, 'ARUJA', 26),
(3312, 'ASPASIA', 26),
(3313, 'ASSIS', 26),
(3314, 'ATIBAIA', 26),
(3315, 'AURIFLAMA', 26),
(3316, 'AVAI', 26),
(3317, 'AVANHANDAVA', 26),
(3318, 'AVARE', 26),
(3319, 'BADY BASSITT', 26),
(3320, 'BALBINOS', 26),
(3321, 'BALSAMO', 26),
(3322, 'BANANAL', 26),
(3323, 'BARAO DE ANTONINA', 26),
(3324, 'BARBOSA', 26),
(3325, 'BARIRI', 26),
(3326, 'BARRA BONITA', 26),
(3327, 'BARRA DO CHAPEU', 26),
(3328, 'BARRA DO TURVO', 26),
(3329, 'BARRETOS', 26),
(3330, 'BARRINHA', 26),
(3331, 'BARUERI', 26),
(3332, 'BASTOS', 26),
(3333, 'BATATAIS', 26),
(3334, 'BAURU', 26),
(3335, 'BEBEDOURO', 26),
(3336, 'BENTO DE ABREU', 26),
(3337, 'BERNARDINO DE CAMPOS', 26),
(3338, 'BERTIOGA', 26),
(3339, 'BILAC', 26),
(3340, 'BIRIGUI', 26),
(3341, 'BIRITIBA-MIRIM', 26),
(3342, 'BOA ESPERANCA DO SUL', 26),
(3343, 'BOCAINA', 26),
(3344, 'BOFETE', 26),
(3345, 'BOITUVA', 26),
(3346, 'BOM JESUS DOS PERDOES', 26),
(3347, 'BOM SUCESSO DE ITARARE', 26),
(3348, 'BORA', 26),
(3349, 'BORACEIA', 26),
(3350, 'BORBOREMA', 26),
(3351, 'BOREBI', 26),
(3352, 'BOTUCATU', 26),
(3353, 'BRAGANCA PAULISTA', 26),
(3354, 'BRAUNA', 26),
(3355, 'BREJO ALEGRE', 26),
(3356, 'BRODOWSKI', 26),
(3357, 'BROTAS', 26),
(3358, 'BURI', 26),
(3359, 'BURITAMA', 26),
(3360, 'BURITIZAL', 26),
(3361, 'CABRALIA PAULISTA', 26),
(3362, 'CABREUVA', 26),
(3363, 'CACAPAVA', 26),
(3364, 'CACHOEIRA PAULISTA', 26),
(3365, 'CACONDE', 26),
(3366, 'CAFELANDIA', 26),
(3367, 'CAIABU', 26),
(3368, 'CAIEIRAS', 26),
(3369, 'CAIUA', 26),
(3370, 'CAJAMAR', 26),
(3371, 'CAJATI', 26),
(3372, 'CAJOBI', 26),
(3373, 'CAJURU', 26),
(3374, 'CAMPINA DO MONTE ALEGRE', 26),
(3375, 'CAMPINAS', 26),
(3376, 'CAMPO LIMPO PAULISTA', 26),
(3377, 'CAMPOS DO JORDAO', 26),
(3378, 'CAMPOS NOVOS PAULISTA', 26),
(3379, 'CANANEIA', 26),
(3380, 'CANAS', 26),
(3381, 'CANDIDO MOTA', 26),
(3382, 'CANDIDO RODRIGUES', 26),
(3383, 'CANITAR', 26),
(3384, 'CAPAO BONITO', 26),
(3385, 'CAPELA DO ALTO', 26),
(3386, 'CAPIVARI', 26),
(3387, 'CARAGUATATUBA', 26),
(3388, 'CARAPICUIBA', 26),
(3389, 'CARDOSO', 26),
(3390, 'CASA BRANCA', 26),
(3391, 'CASSIA DOS COQUEIROS', 26),
(3392, 'CASTILHO', 26),
(3393, 'CATANDUVA', 26),
(3394, 'CATIGUA', 26),
(3395, 'CEDRAL', 26),
(3396, 'CERQUEIRA CESAR', 26),
(3397, 'CERQUILHO', 26),
(3398, 'CESARIO LANGE', 26),
(3399, 'CHARQUEADA', 26),
(3400, 'CLEMENTINA', 26),
(3401, 'COLINA', 26),
(3402, 'COLOMBIA', 26),
(3403, 'CONCHAL', 26),
(3404, 'CONCHAS', 26),
(3405, 'CORDEIROPOLIS', 26),
(3406, 'COROADOS', 26),
(3407, 'CORONEL MACEDO', 26),
(3408, 'CORUMBATAI', 26),
(3409, 'COSMOPOLIS', 26),
(3410, 'COSMORAMA', 26),
(3411, 'COTIA', 26),
(3412, 'CRAVINHOS', 26),
(3413, 'CRISTAIS PAULISTA', 26),
(3414, 'CRUZALIA', 26),
(3415, 'CRUZEIRO', 26),
(3416, 'CUBATAO', 26),
(3417, 'CUNHA', 26),
(3418, 'DESCALVADO', 26),
(3419, 'DIADEMA', 26),
(3420, 'DIRCE REIS', 26),
(3421, 'DIVINOLANDIA', 26),
(3422, 'DOBRADA', 26),
(3423, 'DOIS CORREGOS', 26),
(3424, 'DOLCINOPOLIS', 26),
(3425, 'DOURADO', 26),
(3426, 'DRACENA', 26),
(3427, 'DUARTINA', 26),
(3428, 'DUMONT', 26),
(3429, 'ECHAPORA', 26),
(3430, 'ELDORADO', 26),
(3431, 'ELIAS FAUSTO', 26),
(3432, 'ELISIARIO', 26),
(3433, 'EMBAUBA', 26),
(3434, 'EMBU', 26),
(3435, 'EMBU-GUACU', 26),
(3436, 'EMILIANOPOLIS', 26),
(3437, 'ENGENHEIRO COELHO', 26),
(3438, 'ESPIRITO SANTO DO PINHAL', 26),
(3439, 'ESPIRITO SANTO DO TURVO', 26),
(3440, 'ESTRELA D''OESTE', 26),
(3441, 'ESTRELA DO NORTE', 26),
(3442, 'EUCLIDES DA CUNHA PAULISTA', 26),
(3443, 'FARTURA', 26),
(3444, 'FERNANDOPOLIS', 26),
(3445, 'FERNANDO PRESTES', 26),
(3446, 'FERNAO', 26),
(3447, 'FERRAZ DE VASCONCELOS', 26),
(3448, 'FLORA RICA', 26),
(3449, 'FLOREAL', 26),
(3450, 'FLORIDA PAULISTA', 26),
(3451, 'FLORINIA', 26),
(3452, 'FRANCA', 26),
(3453, 'FRANCISCO MORATO', 26),
(3454, 'FRANCO DA ROCHA', 26),
(3455, 'GABRIEL MONTEIRO', 26),
(3456, 'GALIA', 26),
(3457, 'GARCA', 26),
(3458, 'GASTAO VIDIGAL', 26),
(3459, 'GAVIAO PEIXOTO', 26),
(3460, 'GENERAL SALGADO', 26),
(3461, 'GETULINA', 26),
(3462, 'GLICERIO', 26),
(3463, 'GUAICARA', 26),
(3464, 'GUAIMBE', 26),
(3465, 'GUAIRA', 26),
(3466, 'GUAPIACU', 26),
(3467, 'GUAPIARA', 26),
(3468, 'GUARA', 26),
(3469, 'GUARACAI', 26),
(3470, 'GUARACI', 26),
(3471, 'GUARANI D''OESTE', 26),
(3472, 'GUARANTA', 26),
(3473, 'GUARARAPES', 26),
(3474, 'GUARAREMA', 26),
(3475, 'GUARATINGUETA', 26),
(3476, 'GUAREI', 26),
(3477, 'GUARIBA', 26),
(3478, 'GUARUJA', 26),
(3479, 'GUARULHOS', 26),
(3480, 'GUATAPARA', 26),
(3481, 'GUZOLANDIA', 26),
(3482, 'HERCULANDIA', 26),
(3483, 'HOLAMBRA', 26),
(3484, 'HORTOLANDIA', 26),
(3485, 'IACANGA', 26),
(3486, 'IACRI', 26),
(3487, 'IARAS', 26),
(3488, 'IBATE', 26),
(3489, 'IBIRA', 26),
(3490, 'IBIRAREMA', 26),
(3491, 'IBITINGA', 26),
(3492, 'IBIUNA', 26),
(3493, 'ICEM', 26),
(3494, 'IEPE', 26),
(3495, 'IGARACU DO TIETE', 26),
(3496, 'IGARAPAVA', 26),
(3497, 'IGARATA', 26),
(3498, 'IGUAPE', 26),
(3499, 'ILHABELA', 26),
(3500, 'ILHA COMPRIDA', 26),
(3501, 'ILHA SOLTEIRA', 26),
(3502, 'INDAIATUBA', 26),
(3503, 'INDIANA', 26),
(3504, 'INDIAPORA', 26),
(3505, 'INUBIA PAULISTA', 26),
(3506, 'IPAUSSU', 26),
(3507, 'IPERO', 26),
(3508, 'IPEUNA', 26),
(3509, 'IPIGUA', 26),
(3510, 'IPORANGA', 26),
(3511, 'IPUA', 26),
(3512, 'IRACEMAPOLIS', 26),
(3513, 'IRAPUA', 26),
(3514, 'IRAPURU', 26),
(3515, 'ITABERA', 26),
(3516, 'ITAI', 26),
(3517, 'ITAJOBI', 26),
(3518, 'ITAJU', 26),
(3519, 'ITANHAEM', 26),
(3520, 'ITAOCA', 26),
(3521, 'ITAPECERICA DA SERRA', 26),
(3522, 'ITAPETININGA', 26),
(3523, 'ITAPEVA', 26),
(3524, 'ITAPEVI', 26),
(3525, 'ITAPIRA', 26),
(3526, 'ITAPIRAPUA PAULISTA', 26),
(3527, 'ITAPOLIS', 26),
(3528, 'ITAPORANGA', 26),
(3529, 'ITAPUI', 26),
(3530, 'ITAPURA', 26),
(3531, 'ITAQUAQUECETUBA', 26),
(3532, 'ITARARE', 26),
(3533, 'ITARIRI', 26),
(3534, 'ITATIBA', 26),
(3535, 'ITATINGA', 26),
(3536, 'ITIRAPINA', 26),
(3537, 'ITIRAPUA', 26),
(3538, 'ITOBI', 26),
(3539, 'ITU', 26),
(3540, 'ITUPEVA', 26),
(3541, 'ITUVERAVA', 26),
(3542, 'JABORANDI', 26),
(3543, 'JABOTICABAL', 26),
(3544, 'JACAREI', 26),
(3545, 'JACI', 26),
(3546, 'JACUPIRANGA', 26),
(3547, 'JAGUARIUNA', 26),
(3548, 'JALES', 26),
(3549, 'JAMBEIRO', 26),
(3550, 'JANDIRA', 26),
(3551, 'JARDINOPOLIS', 26),
(3552, 'JARINU', 26),
(3553, 'JAU', 26),
(3554, 'JERIQUARA', 26),
(3555, 'JOANOPOLIS', 26),
(3556, 'JOAO RAMALHO', 26),
(3557, 'JOSE BONIFACIO', 26),
(3558, 'JULIO MESQUITA', 26),
(3559, 'JUMIRIM', 26),
(3560, 'JUNDIAI', 26),
(3561, 'JUNQUEIROPOLIS', 26),
(3562, 'JUQUIA', 26),
(3563, 'JUQUITIBA', 26),
(3564, 'LAGOINHA', 26),
(3565, 'LARANJAL PAULISTA', 26),
(3566, 'LAVINIA', 26),
(3567, 'LAVRINHAS', 26),
(3568, 'LEME', 26),
(3569, 'LENCOIS PAULISTA', 26),
(3570, 'LIMEIRA', 26),
(3571, 'LINDOIA', 26),
(3572, 'LINS', 26),
(3573, 'LORENA', 26),
(3574, 'LOURDES', 26),
(3575, 'LOUVEIRA', 26),
(3576, 'LUCELIA', 26),
(3577, 'LUCIANOPOLIS', 26),
(3578, 'LUIS ANTONIO', 26),
(3579, 'LUIZIANIA', 26),
(3580, 'LUPERCIO', 26),
(3581, 'LUTECIA', 26),
(3582, 'MACATUBA', 26),
(3583, 'MACAUBAL', 26),
(3584, 'MACEDONIA', 26),
(3585, 'MAGDA', 26),
(3586, 'MAIRINQUE', 26),
(3587, 'MAIRIPORA', 26),
(3588, 'MANDURI', 26),
(3589, 'MARABA PAULISTA', 26),
(3590, 'MARACAI', 26),
(3591, 'MARAPOAMA', 26),
(3592, 'MARIAPOLIS', 26),
(3593, 'MARILIA', 26),
(3594, 'MARINOPOLIS', 26),
(3595, 'MARTINOPOLIS', 26),
(3596, 'MATAO', 26),
(3597, 'MAUA', 26),
(3598, 'MENDONCA', 26),
(3599, 'MERIDIANO', 26),
(3600, 'MESOPOLIS', 26),
(3601, 'MIGUELOPOLIS', 26),
(3602, 'MINEIROS DO TIETE', 26),
(3603, 'MIRACATU', 26),
(3604, 'MIRA ESTRELA', 26),
(3605, 'MIRANDOPOLIS', 26),
(3606, 'MIRANTE DO PARANAPANEMA', 26),
(3607, 'MIRASSOL', 26),
(3608, 'MIRASSOLANDIA', 26),
(3609, 'MOCOCA', 26),
(3610, 'MOGI DAS CRUZES', 26),
(3611, 'MOGI GUACU', 26),
(3612, 'MOJI MIRIM', 26),
(3613, 'MOMBUCA', 26),
(3614, 'MONCOES', 26),
(3615, 'MONGAGUA', 26),
(3616, 'MONTE ALEGRE DO SUL', 26),
(3617, 'MONTE ALTO', 26),
(3618, 'MONTE APRAZIVEL', 26),
(3619, 'MONTE AZUL PAULISTA', 26),
(3620, 'MONTE CASTELO', 26),
(3621, 'MONTEIRO LOBATO', 26),
(3622, 'MONTE MOR', 26),
(3623, 'MORRO AGUDO', 26),
(3624, 'MORUNGABA', 26),
(3625, 'MOTUCA', 26),
(3626, 'MURUTINGA DO SUL', 26),
(3627, 'NANTES', 26),
(3628, 'NARANDIBA', 26),
(3629, 'NATIVIDADE DA SERRA', 26),
(3630, 'NAZARE PAULISTA', 26),
(3631, 'NEVES PAULISTA', 26),
(3632, 'NHANDEARA', 26),
(3633, 'NIPOA', 26),
(3634, 'NOVA ALIANCA', 26),
(3635, 'NOVA CAMPINA', 26),
(3636, 'NOVA CANAA PAULISTA', 26),
(3637, 'NOVA CASTILHO', 26),
(3638, 'NOVA EUROPA', 26),
(3639, 'NOVA GRANADA', 26),
(3640, 'NOVA GUATAPORANGA', 26),
(3641, 'NOVA INDEPENDENCIA', 26),
(3642, 'NOVAIS', 26),
(3643, 'NOVA LUZITANIA', 26),
(3644, 'NOVA ODESSA', 26),
(3645, 'NOVO HORIZONTE', 26),
(3646, 'NUPORANGA', 26),
(3647, 'OCAUCU', 26),
(3648, 'OLEO', 26),
(3649, 'OLIMPIA', 26),
(3650, 'ONDA VERDE', 26),
(3651, 'ORIENTE', 26),
(3652, 'ORINDIUVA', 26),
(3653, 'ORLANDIA', 26),
(3654, 'OSASCO', 26),
(3655, 'OSCAR BRESSANE', 26),
(3656, 'OSVALDO CRUZ', 26),
(3657, 'OURINHOS', 26),
(3658, 'OUROESTE', 26),
(3659, 'OURO VERDE', 26),
(3660, 'PACAEMBU', 26),
(3661, 'PALESTINA', 26),
(3662, 'PALMARES PAULISTA', 26),
(3663, 'PALMEIRA D''OESTE', 26),
(3664, 'PALMITAL', 26),
(3665, 'PANORAMA', 26),
(3666, 'PARAGUACU PAULISTA', 26),
(3667, 'PARAIBUNA', 26),
(3668, 'PARAISO', 26),
(3669, 'PARANAPANEMA', 26),
(3670, 'PARANAPUA', 26),
(3671, 'PARAPUA', 26),
(3672, 'PARDINHO', 26),
(3673, 'PARIQUERA-ACU', 26),
(3674, 'PARISI', 26),
(3675, 'PATROCINIO PAULISTA', 26),
(3676, 'PAULICEIA', 26),
(3677, 'PAULINIA', 26),
(3678, 'PAULISTANIA', 26),
(3679, 'PAULO DE FARIA', 26),
(3680, 'PEDERNEIRAS', 26),
(3681, 'PEDRA BELA', 26),
(3682, 'PEDRANOPOLIS', 26),
(3683, 'PEDREGULHO', 26),
(3684, 'PEDREIRA', 26),
(3685, 'PEDRINHAS PAULISTA', 26),
(3686, 'PEDRO DE TOLEDO', 26),
(3687, 'PENAPOLIS', 26),
(3688, 'PEREIRA BARRETO', 26),
(3689, 'PEREIRAS', 26),
(3690, 'PERUIBE', 26),
(3691, 'PIACATU', 26),
(3692, 'PIEDADE', 26),
(3693, 'PILAR DO SUL', 26),
(3694, 'PINDAMONHANGABA', 26),
(3695, 'PINDORAMA', 26),
(3696, 'PINHALZINHO', 26),
(3697, 'PIQUEROBI', 26),
(3698, 'PIQUETE', 26),
(3699, 'PIRACAIA', 26),
(3700, 'PIRACICABA', 26),
(3701, 'PIRAJU', 26),
(3702, 'PIRAJUI', 26),
(3703, 'PIRANGI', 26),
(3704, 'PIRAPORA DO BOM JESUS', 26),
(3705, 'PIRAPOZINHO', 26),
(3706, 'PIRASSUNUNGA', 26),
(3707, 'PIRATININGA', 26),
(3708, 'PITANGUEIRAS', 26),
(3709, 'PLANALTO', 26),
(3710, 'PLATINA', 26),
(3711, 'POA', 26),
(3712, 'POLONI', 26),
(3713, 'POMPEIA', 26),
(3714, 'PONGAI', 26),
(3715, 'PONTAL', 26),
(3716, 'PONTALINDA', 26),
(3717, 'PONTES GESTAL', 26),
(3718, 'POPULINA', 26),
(3719, 'PORANGABA', 26),
(3720, 'PORTO FELIZ', 26),
(3721, 'PORTO FERREIRA', 26),
(3722, 'POTIM', 26),
(3723, 'POTIRENDABA', 26),
(3724, 'PRACINHA', 26),
(3725, 'PRADOPOLIS', 26),
(3726, 'PRAIA GRANDE', 26),
(3727, 'PRATANIA', 26),
(3728, 'PRESIDENTE ALVES', 26),
(3729, 'PRESIDENTE BERNARDES', 26),
(3730, 'PRESIDENTE EPITACIO', 26),
(3731, 'PRESIDENTE PRUDENTE', 26),
(3732, 'PRESIDENTE VENCESLAU', 26),
(3733, 'PROMISSAO', 26),
(3734, 'QUADRA', 26),
(3735, 'QUATA', 26),
(3736, 'QUEIROZ', 26),
(3737, 'QUELUZ', 26),
(3738, 'QUINTANA', 26),
(3739, 'RAFARD', 26),
(3740, 'RANCHARIA', 26),
(3741, 'REDENCAO DA SERRA', 26),
(3742, 'REGENTE FEIJO', 26),
(3743, 'REGINOPOLIS', 26),
(3744, 'REGISTRO', 26),
(3745, 'RESTINGA', 26),
(3746, 'RIBEIRA', 26),
(3747, 'RIBEIRAO BONITO', 26),
(3748, 'RIBEIRAO BRANCO', 26),
(3749, 'RIBEIRAO CORRENTE', 26),
(3750, 'RIBEIRAO DO SUL', 26),
(3751, 'RIBEIRAO DOS INDIOS', 26),
(3752, 'RIBEIRAO GRANDE', 26),
(3753, 'RIBEIRAO PIRES', 26),
(3754, 'RIBEIRAO PRETO', 26),
(3755, 'RIVERSUL', 26),
(3756, 'RIFAINA', 26),
(3757, 'RINCAO', 26),
(3758, 'RINOPOLIS', 26),
(3759, 'RIO CLARO', 26),
(3760, 'RIO DAS PEDRAS', 26),
(3761, 'RIO GRANDE DA SERRA', 26),
(3762, 'RIOLANDIA', 26),
(3763, 'ROSANA', 26),
(3764, 'ROSEIRA', 26),
(3765, 'RUBIACEA', 26),
(3766, 'RUBINEIA', 26),
(3767, 'SABINO', 26),
(3768, 'SAGRES', 26),
(3769, 'SALES', 26),
(3770, 'SALES OLIVEIRA', 26),
(3771, 'SALESOPOLIS', 26),
(3772, 'SALMOURAO', 26),
(3773, 'SALTINHO', 26),
(3774, 'SALTO', 26),
(3775, 'SALTO DE PIRAPORA', 26),
(3776, 'SALTO GRANDE', 26),
(3777, 'SANDOVALINA', 26),
(3778, 'SANTA ADELIA', 26),
(3779, 'SANTA ALBERTINA', 26),
(3780, 'SANTA BARBARA D''OESTE', 26),
(3781, 'SANTA BRANCA', 26),
(3782, 'SANTA CLARA D''OESTE', 26),
(3783, 'SANTA CRUZ DA CONCEICAO', 26),
(3784, 'SANTA CRUZ DA ESPERANCA', 26),
(3785, 'SANTA CRUZ DAS PALMEIRAS', 26),
(3786, 'SANTA CRUZ DO RIO PARDO', 26),
(3787, 'SANTA ERNESTINA', 26),
(3788, 'SANTA FE DO SUL', 26),
(3789, 'SANTA GERTRUDES', 26),
(3790, 'SANTA ISABEL', 26),
(3791, 'SANTA LUCIA', 26),
(3792, 'SANTA MARIA DA SERRA', 26),
(3793, 'SANTA MERCEDES', 26),
(3794, 'SANTANA DA PONTE PENSA', 26),
(3795, 'SANTANA DE PARNAIBA', 26),
(3796, 'SANTA RITA D''OESTE', 26),
(3797, 'SANTA RITA DO PASSA QUATRO', 26),
(3798, 'SANTA ROSA DE VITERBO', 26),
(3799, 'SANTA SALETE', 26),
(3800, 'SANTO ANASTACIO', 26),
(3801, 'SANTO ANDRE', 26),
(3802, 'SANTO ANTONIO DA ALEGRIA', 26),
(3803, 'SANTO ANTONIO DE POSSE', 26),
(3804, 'SANTO ANTONIO DO ARACANGUA', 26),
(3805, 'SANTO ANTONIO DO JARDIM', 26),
(3806, 'SANTO ANTONIO DO PINHAL', 26),
(3807, 'SANTO EXPEDITO', 26),
(3808, 'SANTOPOLIS DO AGUAPEI', 26),
(3809, 'SANTOS', 26),
(3810, 'SAO BENTO DO SAPUCAI', 26),
(3811, 'SAO BERNARDO DO CAMPO', 26),
(3812, 'SAO CAETANO DO SUL', 26),
(3813, 'SAO CARLOS', 26),
(3814, 'SAO FRANCISCO', 26),
(3815, 'SAO JOAO DA BOA VISTA', 26),
(3816, 'SAO JOAO DAS DUAS PONTES', 26),
(3817, 'SAO JOAO DE IRACEMA', 26),
(3818, 'SAO JOAO DO PAU D''ALHO', 26),
(3819, 'SAO JOAQUIM DA BARRA', 26),
(3820, 'SAO JOSE DA BELA VISTA', 26),
(3821, 'SAO JOSE DO BARREIRO', 26),
(3822, 'SAO JOSE DO RIO PARDO', 26),
(3823, 'SAO JOSE DO RIO PRETO', 26),
(3824, 'SAO JOSE DOS CAMPOS', 26),
(3825, 'SAO LOURENCO DA SERRA', 26),
(3826, 'SAO LUIS DO PARAITINGA', 26),
(3827, 'SAO MANUEL', 26),
(3828, 'SAO MIGUEL ARCANJO', 26),
(3829, 'SAO PAULO', 26),
(3830, 'SAO PEDRO', 26),
(3831, 'SAO PEDRO DO TURVO', 26),
(3832, 'SAO ROQUE', 26),
(3833, 'SAO SEBASTIAO', 26),
(3834, 'SAO SEBASTIAO DA GRAMA', 26),
(3835, 'SAO SIMAO', 26),
(3836, 'SAO VICENTE', 26),
(3837, 'SARAPUI', 26),
(3838, 'SARUTAIA', 26),
(3839, 'SEBASTIANOPOLIS DO SUL', 26),
(3840, 'SERRA AZUL', 26),
(3841, 'SERRANA', 26),
(3842, 'SERRA NEGRA', 26),
(3843, 'SERTAOZINHO', 26),
(3844, 'SETE BARRAS', 26),
(3845, 'SEVERINIA', 26),
(3846, 'SILVEIRAS', 26),
(3847, 'SOCORRO', 26),
(3848, 'SOROCABA', 26),
(3849, 'SUD MENNUCCI', 26),
(3850, 'SUMARE', 26),
(3851, 'SUZANO', 26),
(3852, 'SUZANAPOLIS', 26),
(3853, 'TABAPUA', 26),
(3854, 'TABATINGA', 26),
(3855, 'TABOAO DA SERRA', 26),
(3856, 'TACIBA', 26),
(3857, 'TAGUAI', 26),
(3858, 'TAIACU', 26),
(3859, 'TAIUVA', 26),
(3860, 'TAMBAU', 26),
(3861, 'TANABI', 26),
(3862, 'TAPIRAI', 26),
(3863, 'TAPIRATIBA', 26),
(3864, 'TAQUARAL', 26),
(3865, 'TAQUARITINGA', 26),
(3866, 'TAQUARITUBA', 26),
(3867, 'TAQUARIVAI', 26),
(3868, 'TARABAI', 26),
(3869, 'TARUMA', 26),
(3870, 'TATUI', 26),
(3871, 'TAUBATE', 26),
(3872, 'TEJUPA', 26),
(3873, 'TEODORO SAMPAIO', 26),
(3874, 'TERRA ROXA', 26),
(3875, 'TIETE', 26),
(3876, 'TIMBURI', 26),
(3877, 'TORRE DE PEDRA', 26),
(3878, 'TORRINHA', 26),
(3879, 'TRABIJU', 26),
(3880, 'TREMEMBE', 26),
(3881, 'TRES FRONTEIRAS', 26),
(3882, 'TUIUTI', 26),
(3883, 'TUPA', 26),
(3884, 'TUPI PAULISTA', 26),
(3885, 'TURIUBA', 26),
(3886, 'TURMALINA', 26),
(3887, 'UBARANA', 26),
(3888, 'UBATUBA', 26),
(3889, 'UBIRAJARA', 26),
(3890, 'UCHOA', 26),
(3891, 'UNIAO PAULISTA', 26),
(3892, 'URANIA', 26),
(3893, 'URU', 26),
(3894, 'URUPES', 26),
(3895, 'VALENTIM GENTIL', 26),
(3896, 'VALINHOS', 26),
(3897, 'VALPARAISO', 26),
(3898, 'VARGEM', 26),
(3899, 'VARGEM GRANDE DO SUL', 26),
(3900, 'VARGEM GRANDE PAULISTA', 26),
(3901, 'VARZEA PAULISTA', 26),
(3902, 'VERA CRUZ', 26),
(3903, 'VINHEDO', 26),
(3904, 'VIRADOURO', 26),
(3905, 'VISTA ALEGRE DO ALTO', 26),
(3906, 'VITORIA BRASIL', 26),
(3907, 'VOTORANTIM', 26),
(3908, 'VOTUPORANGA', 26),
(3909, 'ZACARIAS', 26),
(3910, 'CHAVANTES', 26),
(3911, 'ESTIVA GERBI', 26),
(3912, 'ABATIA', 18),
(3913, 'ADRIANOPOLIS', 18),
(3914, 'AGUDOS DO SUL', 18),
(3915, 'ALMIRANTE TAMANDARE', 18),
(3916, 'ALTAMIRA DO PARANA', 18),
(3917, 'ALTONIA', 18),
(3918, 'ALTO PARANA', 18),
(3919, 'ALTO PIQUIRI', 18),
(3920, 'ALVORADA DO SUL', 18),
(3921, 'AMAPORA', 18),
(3922, 'AMPERE', 18),
(3923, 'ANAHY', 18),
(3924, 'ANDIRA', 18),
(3925, 'ANGULO', 18),
(3926, 'ANTONINA', 18),
(3927, 'ANTONIO OLINTO', 18),
(3928, 'APUCARANA', 18),
(3929, 'ARAPONGAS', 18),
(3930, 'ARAPOTI', 18),
(3931, 'ARAPUA', 18),
(3932, 'ARARUNA', 18),
(3933, 'ARAUCARIA', 18),
(3934, 'ARIRANHA DO IVAI', 18),
(3935, 'ASSAI', 18),
(3936, 'ASSIS CHATEAUBRIAND', 18),
(3937, 'ASTORGA', 18),
(3938, 'ATALAIA', 18),
(3939, 'BALSA NOVA', 18),
(3940, 'BANDEIRANTES', 18),
(3941, 'BARBOSA FERRAZ', 18),
(3942, 'BARRACAO', 18),
(3943, 'BARRA DO JACARE', 18),
(3944, 'BELA VISTA DA CAROBA', 18),
(3945, 'BELA VISTA DO PARAISO', 18),
(3946, 'BITURUNA', 18),
(3947, 'BOA ESPERANCA', 18),
(3948, 'BOA ESPERANCA DO IGUACU', 18),
(3949, 'BOA VENTURA DE SAO ROQUE', 18),
(3950, 'BOA VISTA DA APARECIDA', 18),
(3951, 'BOCAIUVA DO SUL', 18),
(3952, 'BOM JESUS DO SUL', 18),
(3953, 'BOM SUCESSO', 18),
(3954, 'BOM SUCESSO DO SUL', 18),
(3955, 'BORRAZOPOLIS', 18),
(3956, 'BRAGANEY', 18),
(3957, 'BRASILANDIA DO SUL', 18),
(3958, 'CAFEARA', 18),
(3959, 'CAFELANDIA', 18),
(3960, 'CAFEZAL DO SUL', 18),
(3961, 'CALIFORNIA', 18),
(3962, 'CAMBARA', 18),
(3963, 'CAMBE', 18),
(3964, 'CAMBIRA', 18),
(3965, 'CAMPINA DA LAGOA', 18),
(3966, 'CAMPINA DO SIMAO', 18),
(3967, 'CAMPINA GRANDE DO SUL', 18),
(3968, 'CAMPO BONITO', 18),
(3969, 'CAMPO DO TENENTE', 18),
(3970, 'CAMPO LARGO', 18),
(3971, 'CAMPO MAGRO', 18),
(3972, 'CAMPO MOURAO', 18),
(3973, 'CANDIDO DE ABREU', 18),
(3974, 'CANDOI', 18),
(3975, 'CANTAGALO', 18),
(3976, 'CAPANEMA', 18),
(3977, 'CAPITAO LEONIDAS MARQUES', 18),
(3978, 'CARAMBEI', 18),
(3979, 'CARLOPOLIS', 18),
(3980, 'CASCAVEL', 18),
(3981, 'CASTRO', 18),
(3982, 'CATANDUVAS', 18),
(3983, 'CENTENARIO DO SUL', 18),
(3984, 'CERRO AZUL', 18);
INSERT INTO `cidade` (`idcid`, `nome`, `uf`) VALUES
(3985, 'CEU AZUL', 18),
(3986, 'CHOPINZINHO', 18),
(3987, 'CIANORTE', 18),
(3988, 'CIDADE GAUCHA', 18),
(3989, 'CLEVELANDIA', 18),
(3990, 'COLOMBO', 18),
(3991, 'COLORADO', 18),
(3992, 'CONGONHINHAS', 18),
(3993, 'CONSELHEIRO MAIRINCK', 18),
(3994, 'CONTENDA', 18),
(3995, 'CORBELIA', 18),
(3996, 'CORNELIO PROCOPIO', 18),
(3997, 'CORONEL DOMINGOS SOARES', 18),
(3998, 'CORONEL VIVIDA', 18),
(3999, 'CORUMBATAI DO SUL', 18),
(4000, 'CRUZEIRO DO IGUACU', 18),
(4001, 'CRUZEIRO DO OESTE', 18),
(4002, 'CRUZEIRO DO SUL', 18),
(4003, 'CRUZ MACHADO', 18),
(4004, 'CRUZMALTINA', 18),
(4005, 'CURITIBA', 18),
(4006, 'CURIUVA', 18),
(4007, 'DIAMANTE DO NORTE', 18),
(4008, 'DIAMANTE DO SUL', 18),
(4009, 'DIAMANTE D''OESTE', 18),
(4010, 'DOIS VIZINHOS', 18),
(4011, 'DOURADINA', 18),
(4012, 'DOUTOR CAMARGO', 18),
(4013, 'ENEAS MARQUES', 18),
(4014, 'ENGENHEIRO BELTRAO', 18),
(4015, 'ESPERANCA NOVA', 18),
(4016, 'ENTRE RIOS DO OESTE', 18),
(4017, 'ESPIGAO ALTO DO IGUACU', 18),
(4018, 'FAROL', 18),
(4019, 'FAXINAL', 18),
(4020, 'FAZENDA RIO GRANDE', 18),
(4021, 'FENIX', 18),
(4022, 'FERNANDES PINHEIRO', 18),
(4023, 'FIGUEIRA', 18),
(4024, 'FLORAI', 18),
(4025, 'FLOR DA SERRA DO SUL', 18),
(4026, 'FLORESTA', 18),
(4027, 'FLORESTOPOLIS', 18),
(4028, 'FLORIDA', 18),
(4029, 'FORMOSA DO OESTE', 18),
(4030, 'FOZ DO IGUACU', 18),
(4031, 'FRANCISCO ALVES', 18),
(4032, 'FRANCISCO BELTRAO', 18),
(4033, 'FOZ DO JORDAO', 18),
(4034, 'GENERAL CARNEIRO', 18),
(4035, 'GODOY MOREIRA', 18),
(4036, 'GOIOERE', 18),
(4037, 'GOIOXIM', 18),
(4038, 'GRANDES RIOS', 18),
(4039, 'GUAIRA', 18),
(4040, 'GUAIRACA', 18),
(4041, 'GUAMIRANGA', 18),
(4042, 'GUAPIRAMA', 18),
(4043, 'GUAPOREMA', 18),
(4044, 'GUARACI', 18),
(4045, 'GUARANIACU', 18),
(4046, 'GUARAPUAVA', 18),
(4047, 'GUARAQUECABA', 18),
(4048, 'GUARATUBA', 18),
(4049, 'HONORIO SERPA', 18),
(4050, 'IBAITI', 18),
(4051, 'IBEMA', 18),
(4052, 'IBIPORA', 18),
(4053, 'ICARAIMA', 18),
(4054, 'IGUARACU', 18),
(4055, 'IGUATU', 18),
(4056, 'IMBAU', 18),
(4057, 'IMBITUVA', 18),
(4058, 'INACIO MARTINS', 18),
(4059, 'INAJA', 18),
(4060, 'INDIANOPOLIS', 18),
(4061, 'IPIRANGA', 18),
(4062, 'IPORA', 18),
(4063, 'IRACEMA DO OESTE', 18),
(4064, 'IRATI', 18),
(4065, 'IRETAMA', 18),
(4066, 'ITAGUAJE', 18),
(4067, 'ITAIPULANDIA', 18),
(4068, 'ITAMBARACA', 18),
(4069, 'ITAMBE', 18),
(4070, 'ITAPEJARA D''OESTE', 18),
(4071, 'ITAPERUCU', 18),
(4072, 'ITAUNA DO SUL', 18),
(4073, 'IVAI', 18),
(4074, 'IVAIPORA', 18),
(4075, 'IVATE', 18),
(4076, 'IVATUBA', 18),
(4077, 'JABOTI', 18),
(4078, 'JACAREZINHO', 18),
(4079, 'JAGUAPITA', 18),
(4080, 'JAGUARIAIVA', 18),
(4081, 'JANDAIA DO SUL', 18),
(4082, 'JANIOPOLIS', 18),
(4083, 'JAPIRA', 18),
(4084, 'JAPURA', 18),
(4085, 'JARDIM ALEGRE', 18),
(4086, 'JARDIM OLINDA', 18),
(4087, 'JATAIZINHO', 18),
(4088, 'JESUITAS', 18),
(4089, 'JOAQUIM TAVORA', 18),
(4090, 'JUNDIAI DO SUL', 18),
(4091, 'JURANDA', 18),
(4092, 'JUSSARA', 18),
(4093, 'KALORE', 18),
(4094, 'LAPA', 18),
(4095, 'LARANJAL', 18),
(4096, 'LARANJEIRAS DO SUL', 18),
(4097, 'LEOPOLIS', 18),
(4098, 'LIDIANOPOLIS', 18),
(4099, 'LINDOESTE', 18),
(4100, 'LOANDA', 18),
(4101, 'LOBATO', 18),
(4102, 'LONDRINA', 18),
(4103, 'LUIZIANA', 18),
(4104, 'LUNARDELLI', 18),
(4105, 'LUPIONOPOLIS', 18),
(4106, 'MALLET', 18),
(4107, 'MAMBORE', 18),
(4108, 'MANDAGUACU', 18),
(4109, 'MANDAGUARI', 18),
(4110, 'MANDIRITUBA', 18),
(4111, 'MANFRINOPOLIS', 18),
(4112, 'MANGUEIRINHA', 18),
(4113, 'MANOEL RIBAS', 18),
(4114, 'MARECHAL CANDIDO RONDON', 18),
(4115, 'MARIA HELENA', 18),
(4116, 'MARIALVA', 18),
(4117, 'MARILANDIA DO SUL', 18),
(4118, 'MARILENA', 18),
(4119, 'MARILUZ', 18),
(4120, 'MARINGA', 18),
(4121, 'MARIOPOLIS', 18),
(4122, 'MARIPA', 18),
(4123, 'MARMELEIRO', 18),
(4124, 'MARQUINHO', 18),
(4125, 'MARUMBI', 18),
(4126, 'MATELANDIA', 18),
(4127, 'MATINHOS', 18),
(4128, 'MATO RICO', 18),
(4129, 'MAUA DA SERRA', 18),
(4130, 'MEDIANEIRA', 18),
(4131, 'MERCEDES', 18),
(4132, 'MIRADOR', 18),
(4133, 'MIRASELVA', 18),
(4134, 'MISSAL', 18),
(4135, 'MOREIRA SALES', 18),
(4136, 'MORRETES', 18),
(4137, 'MUNHOZ DE MELO', 18),
(4138, 'NOSSA SENHORA DAS GRACAS', 18),
(4139, 'NOVA ALIANCA DO IVAI', 18),
(4140, 'NOVA AMERICA DA COLINA', 18),
(4141, 'NOVA AURORA', 18),
(4142, 'NOVA CANTU', 18),
(4143, 'NOVA ESPERANCA', 18),
(4144, 'NOVA ESPERANCA DO SUDOESTE', 18),
(4145, 'NOVA FATIMA', 18),
(4146, 'NOVA LARANJEIRAS', 18),
(4147, 'NOVA LONDRINA', 18),
(4148, 'NOVA OLIMPIA', 18),
(4149, 'NOVA SANTA BARBARA', 18),
(4150, 'NOVA SANTA ROSA', 18),
(4151, 'NOVA PRATA DO IGUACU', 18),
(4152, 'NOVA TEBAS', 18),
(4153, 'NOVO ITACOLOMI', 18),
(4154, 'ORTIGUEIRA', 18),
(4155, 'OURIZONA', 18),
(4156, 'OURO VERDE DO OESTE', 18),
(4157, 'PAICANDU', 18),
(4158, 'PALMAS', 18),
(4159, 'PALMEIRA', 18),
(4160, 'PALMITAL', 18),
(4161, 'PALOTINA', 18),
(4162, 'PARAISO DO NORTE', 18),
(4163, 'PARANACITY', 18),
(4164, 'PARANAGUA', 18),
(4165, 'PARANAPOEMA', 18),
(4166, 'PARANAVAI', 18),
(4167, 'PATO BRAGADO', 18),
(4168, 'PATO BRANCO', 18),
(4169, 'PAULA FREITAS', 18),
(4170, 'PAULO FRONTIN', 18),
(4171, 'PEABIRU', 18),
(4172, 'PEROBAL', 18),
(4173, 'PEROLA', 18),
(4174, 'PEROLA D''OESTE', 18),
(4175, 'PIEN', 18),
(4176, 'PINHAIS', 18),
(4177, 'PINHALAO', 18),
(4178, 'PINHAL DE SAO BENTO', 18),
(4179, 'PINHAO', 18),
(4180, 'PIRAI DO SUL', 18),
(4181, 'PIRAQUARA', 18),
(4182, 'PITANGA', 18),
(4183, 'PITANGUEIRAS', 18),
(4184, 'PLANALTINA DO PARANA', 18),
(4185, 'PLANALTO', 18),
(4186, 'PONTA GROSSA', 18),
(4187, 'PONTAL DO PARANA', 18),
(4188, 'PORECATU', 18),
(4189, 'PORTO AMAZONAS', 18),
(4190, 'PORTO BARREIRO', 18),
(4191, 'PORTO RICO', 18),
(4192, 'PORTO VITORIA', 18),
(4193, 'PRADO FERREIRA', 18),
(4194, 'PRANCHITA', 18),
(4195, 'PRESIDENTE CASTELO BRANCO', 18),
(4196, 'PRIMEIRO DE MAIO', 18),
(4197, 'PRUDENTOPOLIS', 18),
(4198, 'QUARTO CENTENARIO', 18),
(4199, 'QUATIGUA', 18),
(4200, 'QUATRO BARRAS', 18),
(4201, 'QUATRO PONTES', 18),
(4202, 'QUEDAS DO IGUACU', 18),
(4203, 'QUERENCIA DO NORTE', 18),
(4204, 'QUINTA DO SOL', 18),
(4205, 'QUITANDINHA', 18),
(4206, 'RAMILANDIA', 18),
(4207, 'RANCHO ALEGRE', 18),
(4208, 'RANCHO ALEGRE D''OESTE', 18),
(4209, 'REALEZA', 18),
(4210, 'REBOUCAS', 18),
(4211, 'RENASCENCA', 18),
(4212, 'RESERVA', 18),
(4213, 'RESERVA DO IGUACU', 18),
(4214, 'RIBEIRAO CLARO', 18),
(4215, 'RIBEIRAO DO PINHAL', 18),
(4216, 'RIO AZUL', 18),
(4217, 'RIO BOM', 18),
(4218, 'RIO BONITO DO IGUACU', 18),
(4219, 'RIO BRANCO DO IVAI', 18),
(4220, 'RIO BRANCO DO SUL', 18),
(4221, 'RIO NEGRO', 18),
(4222, 'ROLANDIA', 18),
(4223, 'RONCADOR', 18),
(4224, 'RONDON', 18),
(4225, 'ROSARIO DO IVAI', 18),
(4226, 'SABAUDIA', 18),
(4227, 'SALGADO FILHO', 18),
(4228, 'SALTO DO ITARARE', 18),
(4229, 'SALTO DO LONTRA', 18),
(4230, 'SANTA AMELIA', 18),
(4231, 'SANTA CECILIA DO PAVAO', 18),
(4232, 'SANTA CRUZ DE MONTE CASTELO', 18),
(4233, 'SANTA FE', 18),
(4234, 'SANTA HELENA', 18),
(4235, 'SANTA INES', 18),
(4236, 'SANTA ISABEL DO IVAI', 18),
(4237, 'SANTA IZABEL DO OESTE', 18),
(4238, 'SANTA LUCIA', 18),
(4239, 'SANTA MARIA DO OESTE', 18),
(4240, 'SANTA MARIANA', 18),
(4241, 'SANTA MONICA', 18),
(4242, 'SANTANA DO ITARARE', 18),
(4243, 'SANTA TEREZA DO OESTE', 18),
(4244, 'SANTA TEREZINHA DE ITAIPU', 18),
(4245, 'SANTO ANTONIO DA PLATINA', 18),
(4246, 'SANTO ANTONIO DO CAIUA', 18),
(4247, 'SANTO ANTONIO DO PARAISO', 18),
(4248, 'SANTO ANTONIO DO SUDOESTE', 18),
(4249, 'SANTO INACIO', 18),
(4250, 'SAO CARLOS DO IVAI', 18),
(4251, 'SAO JERONIMO DA SERRA', 18),
(4252, 'SAO JOAO', 18),
(4253, 'SAO JOAO DO CAIUA', 18),
(4254, 'SAO JOAO DO IVAI', 18),
(4255, 'SAO JOAO DO TRIUNFO', 18),
(4256, 'SAO JORGE D''OESTE', 18),
(4257, 'SAO JORGE DO IVAI', 18),
(4258, 'SAO JORGE DO PATROCINIO', 18),
(4259, 'SAO JOSE DA BOA VISTA', 18),
(4260, 'SAO JOSE DAS PALMEIRAS', 18),
(4261, 'SAO JOSE DOS PINHAIS', 18),
(4262, 'SAO MANOEL DO PARANA', 18),
(4263, 'SAO MATEUS DO SUL', 18),
(4264, 'SAO MIGUEL DO IGUACU', 18),
(4265, 'SAO PEDRO DO IGUACU', 18),
(4266, 'SAO PEDRO DO IVAI', 18),
(4267, 'SAO PEDRO DO PARANA', 18),
(4268, 'SAO SEBASTIAO DA AMOREIRA', 18),
(4269, 'SAO TOME', 18),
(4270, 'SAPOPEMA', 18),
(4271, 'SARANDI', 18),
(4272, 'SAUDADE DO IGUACU', 18),
(4273, 'SENGES', 18),
(4274, 'SERRANOPOLIS DO IGUACU', 18),
(4275, 'SERTANEJA', 18),
(4276, 'SERTANOPOLIS', 18),
(4277, 'SIQUEIRA CAMPOS', 18),
(4278, 'SULINA', 18),
(4279, 'TAMARANA', 18),
(4280, 'TAMBOARA', 18),
(4281, 'TAPEJARA', 18),
(4282, 'TAPIRA', 18),
(4283, 'TEIXEIRA SOARES', 18),
(4284, 'TELEMACO BORBA', 18),
(4285, 'TERRA BOA', 18),
(4286, 'TERRA RICA', 18),
(4287, 'TERRA ROXA', 18),
(4288, 'TIBAGI', 18),
(4289, 'TIJUCAS DO SUL', 18),
(4290, 'TOLEDO', 18),
(4291, 'TOMAZINA', 18),
(4292, 'TRES BARRAS DO PARANA', 18),
(4293, 'TUNAS DO PARANA', 18),
(4294, 'TUNEIRAS DO OESTE', 18),
(4295, 'TUPASSI', 18),
(4296, 'TURVO', 18),
(4297, 'UBIRATA', 18),
(4298, 'UMUARAMA', 18),
(4299, 'UNIAO DA VITORIA', 18),
(4300, 'UNIFLOR', 18),
(4301, 'URAI', 18),
(4302, 'WENCESLAU BRAZ', 18),
(4303, 'VENTANIA', 18),
(4304, 'VERA CRUZ DO OESTE', 18),
(4305, 'VERE', 18),
(4306, 'ALTO PARAISO', 18),
(4307, 'DOUTOR ULYSSES', 18),
(4308, 'VIRMOND', 18),
(4309, 'VITORINO', 18),
(4310, 'XAMBRE', 18),
(4311, 'ABDON BATISTA', 24),
(4312, 'ABELARDO LUZ', 24),
(4313, 'AGROLANDIA', 24),
(4314, 'AGRONOMICA', 24),
(4315, 'AGUA DOCE', 24),
(4316, 'AGUAS DE CHAPECO', 24),
(4317, 'AGUAS FRIAS', 24),
(4318, 'AGUAS MORNAS', 24),
(4319, 'ALFREDO WAGNER', 24),
(4320, 'ALTO BELA VISTA', 24),
(4321, 'ANCHIETA', 24),
(4322, 'ANGELINA', 24),
(4323, 'ANITA GARIBALDI', 24),
(4324, 'ANITAPOLIS', 24),
(4325, 'ANTONIO CARLOS', 24),
(4326, 'APIUNA', 24),
(4327, 'ARABUTA', 24),
(4328, 'ARAQUARI', 24),
(4329, 'ARARANGUA', 24),
(4330, 'ARMAZEM', 24),
(4331, 'ARROIO TRINTA', 24),
(4332, 'ARVOREDO', 24),
(4333, 'ASCURRA', 24),
(4334, 'ATALANTA', 24),
(4335, 'AURORA', 24),
(4336, 'BALNEARIO ARROIO DO SILVA', 24),
(4337, 'BALNEARIO CAMBORIU', 24),
(4338, 'BALNEARIO BARRA DO SUL', 24),
(4339, 'BALNEARIO GAIVOTA', 24),
(4340, 'BANDEIRANTE', 24),
(4341, 'BARRA BONITA', 24),
(4342, 'BARRA VELHA', 24),
(4343, 'BELA VISTA DO TOLDO', 24),
(4344, 'BELMONTE', 24),
(4345, 'BENEDITO NOVO', 24),
(4346, 'BIGUACU', 24),
(4347, 'BLUMENAU', 24),
(4348, 'BOCAINA DO SUL', 24),
(4349, 'BOMBINHAS', 24),
(4350, 'BOM JARDIM DA SERRA', 24),
(4351, 'BOM JESUS', 24),
(4352, 'BOM JESUS DO OESTE', 24),
(4353, 'BOM RETIRO', 24),
(4354, 'BOTUVERA', 24),
(4355, 'BRACO DO NORTE', 24),
(4356, 'BRACO DO TROMBUDO', 24),
(4357, 'BRUNOPOLIS', 24),
(4358, 'BRUSQUE', 24),
(4359, 'CACADOR', 24),
(4360, 'CAIBI', 24),
(4361, 'CALMON', 24),
(4362, 'CAMBORIU', 24),
(4363, 'CAPAO ALTO', 24),
(4364, 'CAMPO ALEGRE', 24),
(4365, 'CAMPO BELO DO SUL', 24),
(4366, 'CAMPO ERE', 24),
(4367, 'CAMPOS NOVOS', 24),
(4368, 'CANELINHA', 24),
(4369, 'CANOINHAS', 24),
(4370, 'CAPINZAL', 24),
(4371, 'CAPIVARI DE BAIXO', 24),
(4372, 'CATANDUVAS', 24),
(4373, 'CAXAMBU DO SUL', 24),
(4374, 'CELSO RAMOS', 24),
(4375, 'CERRO NEGRO', 24),
(4376, 'CHAPADAO DO LAGEADO', 24),
(4377, 'CHAPECO', 24),
(4378, 'COCAL DO SUL', 24),
(4379, 'CONCORDIA', 24),
(4380, 'CORDILHEIRA ALTA', 24),
(4381, 'CORONEL FREITAS', 24),
(4382, 'CORONEL MARTINS', 24),
(4383, 'CORUPA', 24),
(4384, 'CORREIA PINTO', 24),
(4385, 'CRICIUMA', 24),
(4386, 'CUNHA PORA', 24),
(4387, 'CUNHATAI', 24),
(4388, 'CURITIBANOS', 24),
(4389, 'DESCANSO', 24),
(4390, 'DIONISIO CERQUEIRA', 24),
(4391, 'DONA EMMA', 24),
(4392, 'DOUTOR PEDRINHO', 24),
(4393, 'ENTRE RIOS', 24),
(4394, 'ERMO', 24),
(4395, 'ERVAL VELHO', 24),
(4396, 'FAXINAL DOS GUEDES', 24),
(4397, 'FLOR DO SERTAO', 24),
(4398, 'FLORIANOPOLIS', 24),
(4399, 'FORMOSA DO SUL', 24),
(4400, 'FORQUILHINHA', 24),
(4401, 'FRAIBURGO', 24),
(4402, 'FREI ROGERIO', 24),
(4403, 'GALVAO', 24),
(4404, 'GAROPABA', 24),
(4405, 'GARUVA', 24),
(4406, 'GASPAR', 24),
(4407, 'GOVERNADOR CELSO RAMOS', 24),
(4408, 'GRAO PARA', 24),
(4409, 'GRAVATAL', 24),
(4410, 'GUABIRUBA', 24),
(4411, 'GUARACIABA', 24),
(4412, 'GUARAMIRIM', 24),
(4413, 'GUARUJA DO SUL', 24),
(4414, 'GUATAMBU', 24),
(4415, 'HERVAL D''OESTE', 24),
(4416, 'IBIAM', 24),
(4417, 'IBICARE', 24),
(4418, 'IBIRAMA', 24),
(4419, 'ICARA', 24),
(4420, 'ILHOTA', 24),
(4421, 'IMARUI', 24),
(4422, 'IMBITUBA', 24),
(4423, 'IMBUIA', 24),
(4424, 'INDAIAL', 24),
(4425, 'IOMERE', 24),
(4426, 'IPIRA', 24),
(4427, 'IPORA DO OESTE', 24),
(4428, 'IPUACU', 24),
(4429, 'IPUMIRIM', 24),
(4430, 'IRACEMINHA', 24),
(4431, 'IRANI', 24),
(4432, 'IRATI', 24),
(4433, 'IRINEOPOLIS', 24),
(4434, 'ITA', 24),
(4435, 'ITAIOPOLIS', 24),
(4436, 'ITAJAI', 24),
(4437, 'ITAPEMA', 24),
(4438, 'ITAPIRANGA', 24),
(4439, 'ITAPOA', 24),
(4440, 'ITUPORANGA', 24),
(4441, 'JABORA', 24),
(4442, 'JACINTO MACHADO', 24),
(4443, 'JAGUARUNA', 24),
(4444, 'JARAGUA DO SUL', 24),
(4445, 'JARDINOPOLIS', 24),
(4446, 'JOACABA', 24),
(4447, 'JOINVILLE', 24),
(4448, 'JOSE BOITEUX', 24),
(4449, 'JUPIA', 24),
(4450, 'LACERDOPOLIS', 24),
(4451, 'LAGES', 24),
(4452, 'LAGUNA', 24),
(4453, 'LAJEADO GRANDE', 24),
(4454, 'LAURENTINO', 24),
(4455, 'LAURO MULLER', 24),
(4456, 'LEBON REGIS', 24),
(4457, 'LEOBERTO LEAL', 24),
(4458, 'LINDOIA DO SUL', 24),
(4459, 'LONTRAS', 24),
(4460, 'LUIZ ALVES', 24),
(4461, 'LUZERNA', 24),
(4462, 'MACIEIRA', 24),
(4463, 'MAFRA', 24),
(4464, 'MAJOR GERCINO', 24),
(4465, 'MAJOR VIEIRA', 24),
(4466, 'MARACAJA', 24),
(4467, 'MARAVILHA', 24),
(4468, 'MAREMA', 24),
(4469, 'MASSARANDUBA', 24),
(4470, 'MATOS COSTA', 24),
(4471, 'MELEIRO', 24),
(4472, 'MIRIM DOCE', 24),
(4473, 'MODELO', 24),
(4474, 'MONDAI', 24),
(4475, 'MONTE CARLO', 24),
(4476, 'MONTE CASTELO', 24),
(4477, 'MORRO DA FUMACA', 24),
(4478, 'MORRO GRANDE', 24),
(4479, 'NAVEGANTES', 24),
(4480, 'NOVA ERECHIM', 24),
(4481, 'NOVA ITABERABA', 24),
(4482, 'NOVA TRENTO', 24),
(4483, 'NOVA VENEZA', 24),
(4484, 'NOVO HORIZONTE', 24),
(4485, 'ORLEANS', 24),
(4486, 'OTACILIO COSTA', 24),
(4487, 'OURO', 24),
(4488, 'OURO VERDE', 24),
(4489, 'PAIAL', 24),
(4490, 'PAINEL', 24),
(4491, 'PALHOCA', 24),
(4492, 'PALMA SOLA', 24),
(4493, 'PALMEIRA', 24),
(4494, 'PALMITOS', 24),
(4495, 'PAPANDUVA', 24),
(4496, 'PARAISO', 24),
(4497, 'PASSO DE TORRES', 24),
(4498, 'PASSOS MAIA', 24),
(4499, 'PAULO LOPES', 24),
(4500, 'PEDRAS GRANDES', 24),
(4501, 'PENHA', 24),
(4502, 'PERITIBA', 24),
(4503, 'PETROLANDIA', 24),
(4504, 'BALNEARIO PICARRAS', 24),
(4505, 'PINHALZINHO', 24),
(4506, 'PINHEIRO PRETO', 24),
(4507, 'PIRATUBA', 24),
(4508, 'PLANALTO ALEGRE', 24),
(4509, 'POMERODE', 24),
(4510, 'PONTE ALTA', 24),
(4511, 'PONTE ALTA DO NORTE', 24),
(4512, 'PONTE SERRADA', 24),
(4513, 'PORTO BELO', 24),
(4514, 'PORTO UNIAO', 24),
(4515, 'POUSO REDONDO', 24),
(4516, 'PRAIA GRANDE', 24),
(4517, 'PRESIDENTE CASTELLO BRANCO', 24),
(4518, 'PRESIDENTE GETULIO', 24),
(4519, 'PRESIDENTE NEREU', 24),
(4520, 'PRINCESA', 24),
(4521, 'QUILOMBO', 24),
(4522, 'RANCHO QUEIMADO', 24),
(4523, 'RIO DAS ANTAS', 24),
(4524, 'RIO DO CAMPO', 24),
(4525, 'RIO DO OESTE', 24),
(4526, 'RIO DOS CEDROS', 24),
(4527, 'RIO DO SUL', 24),
(4528, 'RIO FORTUNA', 24),
(4529, 'RIO NEGRINHO', 24),
(4530, 'RIO RufINO', 24),
(4531, 'RIQUEZA', 24),
(4532, 'RODEIO', 24),
(4533, 'ROMELANDIA', 24),
(4534, 'SALETE', 24),
(4535, 'SALTINHO', 24),
(4536, 'SALTO VELOSO', 24),
(4537, 'SANGAO', 24),
(4538, 'SANTA CECILIA', 24),
(4539, 'SANTA HELENA', 24),
(4540, 'SANTA ROSA DE LIMA', 24),
(4541, 'SANTA ROSA DO SUL', 24),
(4542, 'SANTA TEREZINHA', 24),
(4543, 'SANTA TEREZINHA DO PROGRESSO', 24),
(4544, 'SANTIAGO DO SUL', 24),
(4545, 'SANTO AMARO DA IMPERATRIZ', 24),
(4546, 'SAO BERNARDINO', 24),
(4547, 'SAO BENTO DO SUL', 24),
(4548, 'SAO BONIFACIO', 24),
(4549, 'SAO CARLOS', 24),
(4550, 'SAO CRISTOVAO DO SUL', 24),
(4551, 'SAO DOMINGOS', 24),
(4552, 'SAO FRANCISCO DO SUL', 24),
(4553, 'SAO JOAO DO OESTE', 24),
(4554, 'SAO JOAO BATISTA', 24),
(4555, 'SAO JOAO DO ITAPERIU', 24),
(4556, 'SAO JOAO DO SUL', 24),
(4557, 'SAO JOAQUIM', 24),
(4558, 'SAO JOSE', 24),
(4559, 'SAO JOSE DO CEDRO', 24),
(4560, 'SAO JOSE DO CERRITO', 24),
(4561, 'SAO LOURENCO DO OESTE', 24),
(4562, 'SAO LUDGERO', 24),
(4563, 'SAO MARTINHO', 24),
(4564, 'SAO MIGUEL DA BOA VISTA', 24),
(4565, 'SAO MIGUEL DO OESTE', 24),
(4566, 'SAO PEDRO DE ALCANTARA', 24),
(4567, 'SAUDADES', 24),
(4568, 'SCHROEDER', 24),
(4569, 'SEARA', 24),
(4570, 'SERRA ALTA', 24),
(4571, 'SIDEROPOLIS', 24),
(4572, 'SOMBRIO', 24),
(4573, 'SUL BRASIL', 24),
(4574, 'TAIO', 24),
(4575, 'TANGARA', 24),
(4576, 'TIGRINHOS', 24),
(4577, 'TIJUCAS', 24),
(4578, 'TIMBE DO SUL', 24),
(4579, 'TIMBO', 24),
(4580, 'TIMBO GRANDE', 24),
(4581, 'TRES BARRAS', 24),
(4582, 'TREVISO', 24),
(4583, 'TREZE DE MAIO', 24),
(4584, 'TREZE TILIAS', 24),
(4585, 'TROMBUDO CENTRAL', 24),
(4586, 'TUBARAO', 24),
(4587, 'TUNAPOLIS', 24),
(4588, 'TURVO', 24),
(4589, 'UNIAO DO OESTE', 24),
(4590, 'URUBICI', 24),
(4591, 'URUPEMA', 24),
(4592, 'URUSSANGA', 24),
(4593, 'VARGEAO', 24),
(4594, 'VARGEM', 24),
(4595, 'VARGEM BONITA', 24),
(4596, 'VIDAL RAMOS', 24),
(4597, 'VIDEIRA', 24),
(4598, 'VITOR MEIRELES', 24),
(4599, 'WITMARSUM', 24),
(4600, 'XANXERE', 24),
(4601, 'XAVANTINA', 24),
(4602, 'XAXIM', 24),
(4603, 'ZORTEA', 24),
(4604, 'ACEGUA', 23),
(4605, 'AGUA SANTA', 23),
(4606, 'AGUDO', 23),
(4607, 'AJURICABA', 23),
(4608, 'ALECRIM', 23),
(4609, 'ALEGRETE', 23),
(4610, 'ALEGRIA', 23),
(4611, 'ALMIRANTE TAMANDARE DO SUL', 23),
(4612, 'ALPESTRE', 23),
(4613, 'ALTO ALEGRE', 23),
(4614, 'ALTO FELIZ', 23),
(4615, 'ALVORADA', 23),
(4616, 'AMARAL FERRADOR', 23),
(4617, 'AMETISTA DO SUL', 23),
(4618, 'ANDRE DA ROCHA', 23),
(4619, 'ANTA GORDA', 23),
(4620, 'ANTONIO PRADO', 23),
(4621, 'ARAMBARE', 23),
(4622, 'ARARICA', 23),
(4623, 'ARATIBA', 23),
(4624, 'ARROIO DO MEIO', 23),
(4625, 'ARROIO DO SAL', 23),
(4626, 'ARROIO DO PADRE', 23),
(4627, 'ARROIO DOS RATOS', 23),
(4628, 'ARROIO DO TIGRE', 23),
(4629, 'ARROIO GRANDE', 23),
(4630, 'ARVOREZINHA', 23),
(4631, 'AUGUSTO PESTANA', 23),
(4632, 'AUREA', 23),
(4633, 'BAGE', 23),
(4634, 'BALNEARIO PINHAL', 23),
(4635, 'BARAO', 23),
(4636, 'BARAO DE COTEGIPE', 23),
(4637, 'BARAO DO TRIUNFO', 23),
(4638, 'BARRACAO', 23),
(4639, 'BARRA DO GUARITA', 23),
(4640, 'BARRA DO QUARAI', 23),
(4641, 'BARRA DO RIBEIRO', 23),
(4642, 'BARRA DO RIO AZUL', 23),
(4643, 'BARRA FUNDA', 23),
(4644, 'BARROS CASSAL', 23),
(4645, 'BENJAMIN CONSTANT DO SUL', 23),
(4646, 'BENTO GONCALVES', 23),
(4647, 'BOA VISTA DAS MISSOES', 23),
(4648, 'BOA VISTA DO BURICA', 23),
(4649, 'BOA VISTA DO CADEADO', 23),
(4650, 'BOA VISTA DO INCRA', 23),
(4651, 'BOA VISTA DO SUL', 23),
(4652, 'BOM JESUS', 23),
(4653, 'BOM PRINCIPIO', 23),
(4654, 'BOM PROGRESSO', 23),
(4655, 'BOM RETIRO DO SUL', 23),
(4656, 'BOQUEIRAO DO LEAO', 23),
(4657, 'BOSSOROCA', 23),
(4658, 'BOZANO', 23),
(4659, 'BRAGA', 23),
(4660, 'BROCHIER', 23),
(4661, 'BUTIA', 23),
(4662, 'CACAPAVA DO SUL', 23),
(4663, 'CACEQUI', 23),
(4664, 'CACHOEIRA DO SUL', 23),
(4665, 'CACHOEIRINHA', 23),
(4666, 'CACIQUE DOBLE', 23),
(4667, 'CAIBATE', 23),
(4668, 'CAICARA', 23),
(4669, 'CAMAQUA', 23),
(4670, 'CAMARGO', 23),
(4671, 'CAMBARA DO SUL', 23),
(4672, 'CAMPESTRE DA SERRA', 23),
(4673, 'CAMPINA DAS MISSOES', 23),
(4674, 'CAMPINAS DO SUL', 23),
(4675, 'CAMPO BOM', 23),
(4676, 'CAMPO NOVO', 23),
(4677, 'CAMPOS BORGES', 23),
(4678, 'CANDELARIA', 23),
(4679, 'CANDIDO GODOI', 23),
(4680, 'CANDIOTA', 23),
(4681, 'CANELA', 23),
(4682, 'CANGUCU', 23),
(4683, 'CANOAS', 23),
(4684, 'CANUDOS DO VALE', 23),
(4685, 'CAPAO BONITO DO SUL', 23),
(4686, 'CAPAO DA CANOA', 23),
(4687, 'CAPAO DO CIPO', 23),
(4688, 'CAPAO DO LEAO', 23),
(4689, 'CAPIVARI DO SUL', 23),
(4690, 'CAPELA DE SANTANA', 23),
(4691, 'CAPITAO', 23),
(4692, 'CARAZINHO', 23),
(4693, 'CARAA', 23),
(4694, 'CARLOS BARBOSA', 23),
(4695, 'CARLOS GOMES', 23),
(4696, 'CASCA', 23),
(4697, 'CASEIROS', 23),
(4698, 'CATUIPE', 23),
(4699, 'CAXIAS DO SUL', 23),
(4700, 'CENTENARIO', 23),
(4701, 'CERRITO', 23),
(4702, 'CERRO BRANCO', 23),
(4703, 'CERRO GRANDE', 23),
(4704, 'CERRO GRANDE DO SUL', 23),
(4705, 'CERRO LARGO', 23),
(4706, 'CHAPADA', 23),
(4707, 'CHARQUEADAS', 23),
(4708, 'CHARRUA', 23),
(4709, 'CHIAPETTA', 23),
(4710, 'CHUI', 23),
(4711, 'CHUVISCA', 23),
(4712, 'CIDREIRA', 23),
(4713, 'CIRIACO', 23),
(4714, 'COLINAS', 23),
(4715, 'COLORADO', 23),
(4716, 'CONDOR', 23),
(4717, 'CONSTANTINA', 23),
(4718, 'COQUEIRO BAIXO', 23),
(4719, 'COQUEIROS DO SUL', 23),
(4720, 'CORONEL BARROS', 23),
(4721, 'CORONEL BICACO', 23),
(4722, 'CORONEL PILAR', 23),
(4723, 'COTIPORA', 23),
(4724, 'COXILHA', 23),
(4725, 'CRISSIUMAL', 23),
(4726, 'CRISTAL', 23),
(4727, 'CRISTAL DO SUL', 23),
(4728, 'CRUZ ALTA', 23),
(4729, 'CRUZALTENSE', 23),
(4730, 'CRUZEIRO DO SUL', 23),
(4731, 'DAVID CANABARRO', 23),
(4732, 'DERRUBADAS', 23),
(4733, 'DEZESSEIS DE NOVEMBRO', 23),
(4734, 'DILERMANDO DE AGUIAR', 23),
(4735, 'DOIS IRMAOS', 23),
(4736, 'DOIS IRMAOS DAS MISSOES', 23),
(4737, 'DOIS LAJEADOS', 23),
(4738, 'DOM FELICIANO', 23),
(4739, 'DOM PEDRO DE ALCANTARA', 23),
(4740, 'DOM PEDRITO', 23),
(4741, 'DONA FRANCISCA', 23),
(4742, 'DOUTOR MAURICIO CARDOSO', 23),
(4743, 'DOUTOR RICARDO', 23),
(4744, 'ELDORADO DO SUL', 23),
(4745, 'ENCANTADO', 23),
(4746, 'ENCRUZILHADA DO SUL', 23),
(4747, 'ENGENHO VELHO', 23),
(4748, 'ENTRE-IJUIS', 23),
(4749, 'ENTRE RIOS DO SUL', 23),
(4750, 'EREBANGO', 23),
(4751, 'ERECHIM', 23),
(4752, 'ERNESTINA', 23),
(4753, 'HERVAL', 23),
(4754, 'ERVAL GRANDE', 23),
(4755, 'ERVAL SECO', 23),
(4756, 'ESMERALDA', 23),
(4757, 'ESPERANCA DO SUL', 23),
(4758, 'ESPUMOSO', 23),
(4759, 'ESTACAO', 23),
(4760, 'ESTANCIA VELHA', 23),
(4761, 'ESTEIO', 23),
(4762, 'ESTRELA', 23),
(4763, 'ESTRELA VELHA', 23),
(4764, 'EUGENIO DE CASTRO', 23),
(4765, 'FAGUNDES VARELA', 23),
(4766, 'FARROUPILHA', 23),
(4767, 'FAXINAL DO SOTURNO', 23),
(4768, 'FAXINALZINHO', 23),
(4769, 'FAZENDA VILANOVA', 23),
(4770, 'FELIZ', 23),
(4771, 'FLORES DA CUNHA', 23),
(4772, 'FLORIANO PEIXOTO', 23),
(4773, 'FONTOURA XAVIER', 23),
(4774, 'FORMIGUEIRO', 23),
(4775, 'FORQUETINHA', 23),
(4776, 'FORTALEZA DOS VALOS', 23),
(4777, 'FREDERICO WESTPHALEN', 23),
(4778, 'GARIBALDI', 23),
(4779, 'GARRUCHOS', 23),
(4780, 'GAURAMA', 23),
(4781, 'GENERAL CAMARA', 23),
(4782, 'GENTIL', 23),
(4783, 'GETULIO VARGAS', 23),
(4784, 'GIRUA', 23),
(4785, 'GLORINHA', 23),
(4786, 'GRAMADO', 23),
(4787, 'GRAMADO DOS LOUREIROS', 23),
(4788, 'GRAMADO XAVIER', 23),
(4789, 'GRAVATAI', 23),
(4790, 'GUABIJU', 23),
(4791, 'GUAIBA', 23),
(4792, 'GUAPORE', 23),
(4793, 'GUARANI DAS MISSOES', 23),
(4794, 'HARMONIA', 23),
(4795, 'HERVEIRAS', 23),
(4796, 'HORIZONTINA', 23),
(4797, 'HULHA NEGRA', 23),
(4798, 'HUMAITA', 23),
(4799, 'IBARAMA', 23),
(4800, 'IBIACA', 23),
(4801, 'IBIRAIARAS', 23),
(4802, 'IBIRAPUITA', 23),
(4803, 'IBIRUBA', 23),
(4804, 'IGREJINHA', 23),
(4805, 'IJUI', 23),
(4806, 'ILOPOLIS', 23),
(4807, 'IMBE', 23),
(4808, 'IMIGRANTE', 23),
(4809, 'INDEPENDENCIA', 23),
(4810, 'INHACORA', 23),
(4811, 'IPE', 23),
(4812, 'IPIRANGA DO SUL', 23),
(4813, 'IRAI', 23),
(4814, 'ITAARA', 23),
(4815, 'ITACURUBI', 23),
(4816, 'ITAPUCA', 23),
(4817, 'ITAQUI', 23),
(4818, 'ITATI', 23),
(4819, 'ITATIBA DO SUL', 23),
(4820, 'IVORA', 23),
(4821, 'IVOTI', 23),
(4822, 'JABOTICABA', 23),
(4823, 'JACUIZINHO', 23),
(4824, 'JACUTINGA', 23),
(4825, 'JAGUARAO', 23),
(4826, 'JAGUARI', 23),
(4827, 'JAQUIRANA', 23),
(4828, 'JARI', 23),
(4829, 'JOIA', 23),
(4830, 'JULIO DE CASTILHOS', 23),
(4831, 'LAGOA BONITA DO SUL', 23),
(4832, 'LAGOAO', 23),
(4833, 'LAGOA DOS TRES CANTOS', 23),
(4834, 'LAGOA VERMELHA', 23),
(4835, 'LAJEADO', 23),
(4836, 'LAJEADO DO BUGRE', 23),
(4837, 'LAVRAS DO SUL', 23),
(4838, 'LIBERATO SALZANO', 23),
(4839, 'LINDOLFO COLLOR', 23),
(4840, 'LINHA NOVA', 23),
(4841, 'MACHADINHO', 23),
(4842, 'MACAMBARA', 23),
(4843, 'MAMPITUBA', 23),
(4844, 'MANOEL VIANA', 23),
(4845, 'MAQUINE', 23),
(4846, 'MARATA', 23),
(4847, 'MARAU', 23),
(4848, 'MARCELINO RAMOS', 23),
(4849, 'MARIANA PIMENTEL', 23),
(4850, 'MARIANO MORO', 23),
(4851, 'MARQUES DE SOUZA', 23),
(4852, 'MATA', 23),
(4853, 'MATO CASTELHANO', 23),
(4854, 'MATO LEITAO', 23),
(4855, 'MATO QUEIMADO', 23),
(4856, 'MAXIMILIANO DE ALMEIDA', 23),
(4857, 'MINAS DO LEAO', 23),
(4858, 'MIRAGUAI', 23),
(4859, 'MONTAURI', 23),
(4860, 'MONTE ALEGRE DOS CAMPOS', 23),
(4861, 'MONTE BELO DO SUL', 23),
(4862, 'MONTENEGRO', 23),
(4863, 'MORMACO', 23),
(4864, 'MORRINHOS DO SUL', 23),
(4865, 'MORRO REDONDO', 23),
(4866, 'MORRO REUTER', 23),
(4867, 'MOSTARDAS', 23),
(4868, 'MUCUM', 23),
(4869, 'MUITOS CAPOES', 23),
(4870, 'MULITERNO', 23),
(4871, 'NAO-ME-TOQUE', 23),
(4872, 'NICOLAU VERGUEIRO', 23),
(4873, 'NONOAI', 23),
(4874, 'NOVA ALVORADA', 23),
(4875, 'NOVA ARACA', 23),
(4876, 'NOVA BASSANO', 23),
(4877, 'NOVA BOA VISTA', 23),
(4878, 'NOVA BRESCIA', 23),
(4879, 'NOVA CANDELARIA', 23),
(4880, 'NOVA ESPERANCA DO SUL', 23),
(4881, 'NOVA HARTZ', 23),
(4882, 'NOVA PADUA', 23),
(4883, 'NOVA PALMA', 23),
(4884, 'NOVA PETROPOLIS', 23),
(4885, 'NOVA PRATA', 23),
(4886, 'NOVA RAMADA', 23),
(4887, 'NOVA ROMA DO SUL', 23),
(4888, 'NOVA SANTA RITA', 23),
(4889, 'NOVO CABRAIS', 23),
(4890, 'NOVO HAMBURGO', 23),
(4891, 'NOVO MACHADO', 23),
(4892, 'NOVO TIRADENTES', 23),
(4893, 'NOVO XINGU', 23),
(4894, 'NOVO BARREIRO', 23),
(4895, 'OSORIO', 23),
(4896, 'PAIM FILHO', 23),
(4897, 'PALMARES DO SUL', 23),
(4898, 'PALMEIRA DAS MISSOES', 23),
(4899, 'PALMITINHO', 23),
(4900, 'PANAMBI', 23),
(4901, 'PANTANO GRANDE', 23),
(4902, 'PARAI', 23),
(4903, 'PARAISO DO SUL', 23),
(4904, 'PARECI NOVO', 23),
(4905, 'PAROBE', 23),
(4906, 'PASSA SETE', 23),
(4907, 'PASSO DO SOBRADO', 23),
(4908, 'PASSO FUNDO', 23),
(4909, 'PAULO BENTO', 23),
(4910, 'PAVERAMA', 23),
(4911, 'PEDRAS ALTAS', 23),
(4912, 'PEDRO OSORIO', 23),
(4913, 'PEJUCARA', 23),
(4914, 'PELOTAS', 23),
(4915, 'PICADA CAFE', 23),
(4916, 'PINHAL', 23),
(4917, 'PINHAL DA SERRA', 23),
(4918, 'PINHAL GRANDE', 23),
(4919, 'PINHEIRINHO DO VALE', 23),
(4920, 'PINHEIRO MACHADO', 23),
(4921, 'PINTO BANDEIRA', 23),
(4922, 'PIRAPO', 23),
(4923, 'PIRATINI', 23),
(4924, 'PLANALTO', 23),
(4925, 'POCO DAS ANTAS', 23),
(4926, 'PONTAO', 23),
(4927, 'PONTE PRETA', 23),
(4928, 'PORTAO', 23),
(4929, 'PORTO ALEGRE', 23),
(4930, 'PORTO LUCENA', 23),
(4931, 'PORTO MAUA', 23),
(4932, 'PORTO VERA CRUZ', 23),
(4933, 'PORTO XAVIER', 23),
(4934, 'POUSO NOVO', 23),
(4935, 'PRESIDENTE LUCENA', 23),
(4936, 'PROGRESSO', 23),
(4937, 'PROTASIO ALVES', 23),
(4938, 'PUTINGA', 23),
(4939, 'QUARAI', 23),
(4940, 'QUATRO IRMAOS', 23),
(4941, 'QUEVEDOS', 23),
(4942, 'QUINZE DE NOVEMBRO', 23),
(4943, 'REDENTORA', 23),
(4944, 'RELVADO', 23),
(4945, 'RESTINGA SECA', 23),
(4946, 'RIO DOS INDIOS', 23),
(4947, 'RIO GRANDE', 23),
(4948, 'RIO PARDO', 23),
(4949, 'RIOZINHO', 23),
(4950, 'ROCA SALES', 23),
(4951, 'RODEIO BONITO', 23),
(4952, 'ROLADOR', 23),
(4953, 'ROLANTE', 23),
(4954, 'RONDA ALTA', 23),
(4955, 'RONDINHA', 23),
(4956, 'ROQUE GONZALES', 23),
(4957, 'ROSARIO DO SUL', 23),
(4958, 'SAGRADA FAMILIA', 23),
(4959, 'SALDANHA MARINHO', 23),
(4960, 'SALTO DO JACUI', 23),
(4961, 'SALVADOR DAS MISSOES', 23),
(4962, 'SALVADOR DO SUL', 23),
(4963, 'SANANDUVA', 23),
(4964, 'SANTA BARBARA DO SUL', 23),
(4965, 'SANTA CECILIA DO SUL', 23),
(4966, 'SANTA CLARA DO SUL', 23),
(4967, 'SANTA CRUZ DO SUL', 23),
(4968, 'SANTA MARIA', 23),
(4969, 'SANTA MARIA DO HERVAL', 23),
(4970, 'SANTA MARGARIDA DO SUL', 23),
(4971, 'SANTANA DA BOA VISTA', 23),
(4972, 'SANTANA DO LIVRAMENTO', 23),
(4973, 'SANTA ROSA', 23),
(4974, 'SANTA TEREZA', 23),
(4975, 'SANTA VITORIA DO PALMAR', 23),
(4976, 'SANTIAGO', 23),
(4977, 'SANTO ANGELO', 23),
(4978, 'SANTO ANTONIO DO PALMA', 23),
(4979, 'SANTO ANTONIO DA PATRULHA', 23),
(4980, 'SANTO ANTONIO DAS MISSOES', 23),
(4981, 'SANTO ANTONIO DO PLANALTO', 23),
(4982, 'SANTO AUGUSTO', 23),
(4983, 'SANTO CRISTO', 23),
(4984, 'SANTO EXPEDITO DO SUL', 23),
(4985, 'SAO BORJA', 23),
(4986, 'SAO DOMINGOS DO SUL', 23),
(4987, 'SAO FRANCISCO DE ASSIS', 23),
(4988, 'SAO FRANCISCO DE PAULA', 23),
(4989, 'SAO GABRIEL', 23),
(4990, 'SAO JERONIMO', 23),
(4991, 'SAO JOAO DA URTIGA', 23),
(4992, 'SAO JOAO DO POLESINE', 23),
(4993, 'SAO JORGE', 23),
(4994, 'SAO JOSE DAS MISSOES', 23),
(4995, 'SAO JOSE DO HERVAL', 23),
(4996, 'SAO JOSE DO HORTENCIO', 23),
(4997, 'SAO JOSE DO INHACORA', 23),
(4998, 'SAO JOSE DO NORTE', 23),
(4999, 'SAO JOSE DO OURO', 23),
(5000, 'SAO JOSE DO SUL', 23),
(5001, 'SAO JOSE DOS AUSENTES', 23),
(5002, 'SAO LEOPOLDO', 23),
(5003, 'SAO LOURENCO DO SUL', 23),
(5004, 'SAO LUIZ GONZAGA', 23),
(5005, 'SAO MARCOS', 23),
(5006, 'SAO MARTINHO', 23),
(5007, 'SAO MARTINHO DA SERRA', 23),
(5008, 'SAO MIGUEL DAS MISSOES', 23),
(5009, 'SAO NICOLAU', 23),
(5010, 'SAO PAULO DAS MISSOES', 23),
(5011, 'SAO PEDRO DA SERRA', 23),
(5012, 'SAO PEDRO DAS MISSOES', 23),
(5013, 'SAO PEDRO DO BUTIA', 23),
(5014, 'SAO PEDRO DO SUL', 23),
(5015, 'SAO SEBASTIAO DO CAI', 23),
(5016, 'SAO SEPE', 23),
(5017, 'SAO VALENTIM', 23),
(5018, 'SAO VALENTIM DO SUL', 23),
(5019, 'SAO VALERIO DO SUL', 23),
(5020, 'SAO VENDELINO', 23),
(5021, 'SAO VICENTE DO SUL', 23),
(5022, 'SAPIRANGA', 23),
(5023, 'SAPUCAIA DO SUL', 23),
(5024, 'SARANDI', 23),
(5025, 'SEBERI', 23),
(5026, 'SEDE NOVA', 23),
(5027, 'SEGREDO', 23),
(5028, 'SELBACH', 23),
(5029, 'SENADOR SALGADO FILHO', 23),
(5030, 'SENTINELA DO SUL', 23),
(5031, 'SERAFINA CORREA', 23),
(5032, 'SERIO', 23),
(5033, 'SERTAO', 23),
(5034, 'SERTAO SANTANA', 23),
(5035, 'SETE DE SETEMBRO', 23),
(5036, 'SEVERIANO DE ALMEIDA', 23),
(5037, 'SILVEIRA MARTINS', 23),
(5038, 'SINIMBU', 23),
(5039, 'SOBRADINHO', 23),
(5040, 'SOLEDADE', 23),
(5041, 'TABAI', 23),
(5042, 'TAPEJARA', 23),
(5043, 'TAPERA', 23),
(5044, 'TAPES', 23),
(5045, 'TAQUARA', 23),
(5046, 'TAQUARI', 23),
(5047, 'TAQUARUCU DO SUL', 23),
(5048, 'TAVARES', 23),
(5049, 'TENENTE PORTELA', 23),
(5050, 'TERRA DE AREIA', 23),
(5051, 'TEUTONIA', 23),
(5052, 'TIO HUGO', 23),
(5053, 'TIRADENTES DO SUL', 23),
(5054, 'TOROPI', 23),
(5055, 'TORRES', 23),
(5056, 'TRAMANDAI', 23),
(5057, 'TRAVESSEIRO', 23),
(5058, 'TRES ARROIOS', 23),
(5059, 'TRES CACHOEIRAS', 23),
(5060, 'TRES COROAS', 23),
(5061, 'TRES DE MAIO', 23),
(5062, 'TRES FORQUILHAS', 23),
(5063, 'TRES PALMEIRAS', 23),
(5064, 'TRES PASSOS', 23),
(5065, 'TRINDADE DO SUL', 23),
(5066, 'TRIUNFO', 23),
(5067, 'TUCUNDUVA', 23),
(5068, 'TUNAS', 23),
(5069, 'TUPANCI DO SUL', 23),
(5070, 'TUPANCIRETA', 23),
(5071, 'TUPANDI', 23),
(5072, 'TUPARENDI', 23),
(5073, 'TURUCU', 23),
(5074, 'UBIRETAMA', 23),
(5075, 'UNIAO DA SERRA', 23),
(5076, 'UNISTALDA', 23),
(5077, 'URUGUAIANA', 23),
(5078, 'VACARIA', 23),
(5079, 'VALE VERDE', 23),
(5080, 'VALE DO SOL', 23),
(5081, 'VALE REAL', 23),
(5082, 'VANINI', 23),
(5083, 'VENANCIO AIRES', 23),
(5084, 'VERA CRUZ', 23),
(5085, 'VERANOPOLIS', 23),
(5086, 'VESPASIANO CORREA', 23),
(5087, 'VIADUTOS', 23),
(5088, 'VIAMAO', 23),
(5089, 'VICENTE DUTRA', 23),
(5090, 'VICTOR GRAEFF', 23),
(5091, 'VILA FLORES', 23),
(5092, 'VILA LANGARO', 23),
(5093, 'VILA MARIA', 23),
(5094, 'VILA NOVA DO SUL', 23),
(5095, 'VISTA ALEGRE', 23),
(5096, 'VISTA ALEGRE DO PRATA', 23),
(5097, 'VISTA GAUCHA', 23),
(5098, 'VITORIA DAS MISSOES', 23),
(5099, 'WESTFALIA', 23),
(5100, 'XANGRI-LA', 23),
(5101, 'AGUA CLARA', 12),
(5102, 'ALCINOPOLIS', 12),
(5103, 'AMAMBAI', 12),
(5104, 'ANASTACIO', 12),
(5105, 'ANAURILANDIA', 12),
(5106, 'ANGELICA', 12),
(5107, 'ANTONIO JOAO', 12),
(5108, 'APARECIDA DO TABOADO', 12),
(5109, 'AQUIDAUANA', 12),
(5110, 'ARAL MOREIRA', 12),
(5111, 'BANDEIRANTES', 12),
(5112, 'BATAGUASSU', 12),
(5113, 'BATAYPORA', 12),
(5114, 'BELA VISTA', 12),
(5115, 'BODOQUENA', 12),
(5116, 'BONITO', 12),
(5117, 'BRASILANDIA', 12),
(5118, 'CAARAPO', 12),
(5119, 'CAMAPUA', 12),
(5120, 'CAMPO GRANDE', 12),
(5121, 'CARACOL', 12),
(5122, 'CASSILANDIA', 12),
(5123, 'CHAPADAO DO SUL', 12),
(5124, 'CORGUINHO', 12),
(5125, 'CORONEL SAPUCAIA', 12),
(5126, 'CORUMBA', 12),
(5127, 'COSTA RICA', 12),
(5128, 'COXIM', 12),
(5129, 'DEODAPOLIS', 12),
(5130, 'DOIS IRMAOS DO BURITI', 12),
(5131, 'DOURADINA', 12),
(5132, 'DOURADOS', 12),
(5133, 'ELDORADO', 12),
(5134, 'FATIMA DO SUL', 12),
(5135, 'FIGUEIRAO', 12),
(5136, 'GLORIA DE DOURADOS', 12),
(5137, 'GUIA LOPES DA LAGUNA', 12),
(5138, 'IGUATEMI', 12),
(5139, 'INOCENCIA', 12),
(5140, 'ITAPORA', 12),
(5141, 'ITAQUIRAI', 12),
(5142, 'IVINHEMA', 12),
(5143, 'JAPORA', 12),
(5144, 'JARAGUARI', 12),
(5145, 'JARDIM', 12),
(5146, 'JATEI', 12),
(5147, 'JUTI', 12),
(5148, 'LADARIO', 12),
(5149, 'LAGUNA CARAPA', 12),
(5150, 'MARACAJU', 12),
(5151, 'MIRANDA', 12),
(5152, 'MUNDO NOVO', 12),
(5153, 'NAVIRAI', 12),
(5154, 'NIOAQUE', 12),
(5155, 'NOVA ALVORADA DO SUL', 12),
(5156, 'NOVA ANDRADINA', 12),
(5157, 'NOVO HORIZONTE DO SUL', 12),
(5158, 'PARANAIBA', 12),
(5159, 'PARANHOS', 12),
(5160, 'PEDRO GOMES', 12),
(5161, 'PONTA PORA', 12),
(5162, 'PORTO MURTINHO', 12),
(5163, 'RIBAS DO RIO PARDO', 12),
(5164, 'RIO BRILHANTE', 12),
(5165, 'RIO NEGRO', 12),
(5166, 'RIO VERDE DE MATO GROSSO', 12),
(5167, 'ROCHEDO', 12),
(5168, 'SANTA RITA DO PARDO', 12),
(5169, 'SAO GABRIEL DO OESTE', 12),
(5170, 'SETE QUEDAS', 12),
(5171, 'SELVIRIA', 12),
(5172, 'SIDROLANDIA', 12),
(5173, 'SONORA', 12),
(5174, 'TACURU', 12),
(5175, 'TAQUARUSSU', 12),
(5176, 'TERENOS', 12),
(5177, 'TRES LAGOAS', 12),
(5178, 'VICENTINA', 12),
(5179, 'ACORIZAL', 13),
(5180, 'AGUA BOA', 13),
(5181, 'ALTA FLORESTA', 13),
(5182, 'ALTO ARAGUAIA', 13),
(5183, 'ALTO BOA VISTA', 13),
(5184, 'ALTO GARCAS', 13),
(5185, 'ALTO PARAGUAI', 13),
(5186, 'ALTO TAQUARI', 13),
(5187, 'APIACAS', 13),
(5188, 'ARAGUAIANA', 13),
(5189, 'ARAGUAINHA', 13),
(5190, 'ARAPUTANGA', 13),
(5191, 'ARENAPOLIS', 13),
(5192, 'ARIPUANA', 13),
(5193, 'BARAO DE MELGACO', 13),
(5194, 'BARRA DO BUGRES', 13),
(5195, 'BARRA DO GARCAS', 13),
(5196, 'BOM JESUS DO ARAGUAIA', 13),
(5197, 'BRASNORTE', 13),
(5198, 'CACERES', 13),
(5199, 'CAMPINAPOLIS', 13),
(5200, 'CAMPO NOVO DO PARECIS', 13),
(5201, 'CAMPO VERDE', 13),
(5202, 'CAMPOS DE JULIO', 13),
(5203, 'CANABRAVA DO NORTE', 13),
(5204, 'CANARANA', 13),
(5205, 'CARLINDA', 13),
(5206, 'CASTANHEIRA', 13),
(5207, 'CHAPADA DOS GUIMARAES', 13),
(5208, 'CLAUDIA', 13),
(5209, 'COCALINHO', 13),
(5210, 'COLIDER', 13),
(5211, 'COLNIZA', 13),
(5212, 'COMODORO', 13),
(5213, 'CONFRESA', 13),
(5214, 'CONQUISTA D''OESTE', 13),
(5215, 'COTRIGUACU', 13),
(5216, 'CUIABA', 13),
(5217, 'CURVELANDIA', 13),
(5218, 'DENISE', 13),
(5219, 'DIAMANTINO', 13),
(5220, 'DOM AQUINO', 13),
(5221, 'FELIZ NATAL', 13),
(5222, 'FIGUEIROPOLIS D''OESTE', 13),
(5223, 'GAUCHA DO NORTE', 13),
(5224, 'GENERAL CARNEIRO', 13),
(5225, 'GLORIA D''OESTE', 13),
(5226, 'GUARANTA DO NORTE', 13),
(5227, 'GUIRATINGA', 13),
(5228, 'INDIAVAI', 13),
(5229, 'IPIRANGA DO NORTE', 13),
(5230, 'ITANHANGA', 13),
(5231, 'ITAUBA', 13),
(5232, 'ITIQUIRA', 13),
(5233, 'JACIARA', 13),
(5234, 'JANGADA', 13),
(5235, 'JAURU', 13),
(5236, 'JUARA', 13),
(5237, 'JUINA', 13),
(5238, 'JURUENA', 13),
(5239, 'JUSCIMEIRA', 13),
(5240, 'LAMBARI D''OESTE', 13),
(5241, 'LUCAS DO RIO VERDE', 13),
(5242, 'LUCIARA', 13),
(5243, 'VILA BELA DA SANTISSIMA TRINDADE', 13),
(5244, 'MARCELANDIA', 13),
(5245, 'MATUPA', 13),
(5246, 'MIRASSOL D''OESTE', 13),
(5247, 'NOBRES', 13),
(5248, 'NORTELANDIA', 13),
(5249, 'NOSSA SENHORA DO LIVRAMENTO', 13),
(5250, 'NOVA BANDEIRANTES', 13),
(5251, 'NOVA NAZARE', 13),
(5252, 'NOVA LACERDA', 13),
(5253, 'NOVA SANTA HELENA', 13),
(5254, 'NOVA BRASILANDIA', 13),
(5255, 'NOVA CANAA DO NORTE', 13),
(5256, 'NOVA MUTUM', 13),
(5257, 'NOVA OLIMPIA', 13),
(5258, 'NOVA UBIRATA', 13),
(5259, 'NOVA XAVANTINA', 13),
(5260, 'NOVO MUNDO', 13),
(5261, 'NOVO HORIZONTE DO NORTE', 13),
(5262, 'NOVO SAO JOAQUIM', 13),
(5263, 'PARANAITA', 13),
(5264, 'PARANATINGA', 13),
(5265, 'NOVO SANTO ANTONIO', 13),
(5266, 'PEDRA PRETA', 13),
(5267, 'PEIXOTO DE AZEVEDO', 13),
(5268, 'PLANALTO DA SERRA', 13),
(5269, 'POCONE', 13),
(5270, 'PONTAL DO ARAGUAIA', 13),
(5271, 'PONTE BRANCA', 13),
(5272, 'PONTES E LACERDA', 13),
(5273, 'PORTO ALEGRE DO NORTE', 13),
(5274, 'PORTO DOS GAUCHOS', 13),
(5275, 'PORTO ESPERIDIAO', 13),
(5276, 'PORTO ESTRELA', 13),
(5277, 'POXOREO', 13),
(5278, 'PRIMAVERA DO LESTE', 13),
(5279, 'QUERENCIA', 13),
(5280, 'SAO JOSE DOS QUATRO MARCOS', 13),
(5281, 'RESERVA DO CABACAL', 13),
(5282, 'RIBEIRAO CASCALHEIRA', 13),
(5283, 'RIBEIRAOZINHO', 13),
(5284, 'RIO BRANCO', 13),
(5285, 'SANTA CARMEM', 13),
(5286, 'SANTO AFONSO', 13),
(5287, 'SAO JOSE DO POVO', 13),
(5288, 'SAO JOSE DO RIO CLARO', 13),
(5289, 'SAO JOSE DO XINGU', 13),
(5290, 'SAO PEDRO DA CIPA', 13),
(5291, 'RONDOLANDIA', 13),
(5292, 'RONDONOPOLIS', 13),
(5293, 'ROSARIO OESTE', 13),
(5294, 'SANTA CRUZ DO XINGU', 13),
(5295, 'SALTO DO CEU', 13),
(5296, 'SANTA RITA DO TRIVELATO', 13),
(5297, 'SANTA TEREZINHA', 13),
(5298, 'SANTO ANTONIO DO LESTE', 13),
(5299, 'SANTO ANTONIO DO LEVERGER', 13),
(5300, 'SAO FELIX DO ARAGUAIA', 13),
(5301, 'SAPEZAL', 13),
(5302, 'SERRA NOVA DOURADA', 13),
(5303, 'SINOP', 13),
(5304, 'SORRISO', 13),
(5305, 'TABAPORA', 13),
(5306, 'TANGARA DA SERRA', 13),
(5307, 'TAPURAH', 13),
(5308, 'TERRA NOVA DO NORTE', 13),
(5309, 'TESOURO', 13),
(5310, 'TORIXOREU', 13),
(5311, 'UNIAO DO SUL', 13),
(5312, 'VALE DE SAO DOMINGOS', 13),
(5313, 'VARZEA GRANDE', 13),
(5314, 'VERA', 13),
(5315, 'VILA RICA', 13),
(5316, 'NOVA GUARITA', 13),
(5317, 'NOVA MARILANDIA', 13),
(5318, 'NOVA MARINGA', 13),
(5319, 'NOVA MONTE VERDE', 13),
(5320, 'ABADIA DE GOIAS', 9),
(5321, 'ABADIANIA', 9),
(5322, 'ACREUNA', 9),
(5323, 'ADELANDIA', 9),
(5324, 'AGUA FRIA DE GOIAS', 9),
(5325, 'AGUA LIMPA', 9),
(5326, 'AGUAS LINDAS DE GOIAS', 9),
(5327, 'ALEXANIA', 9),
(5328, 'ALOANDIA', 9),
(5329, 'ALTO HORIZONTE', 9),
(5330, 'ALTO PARAISO DE GOIAS', 9),
(5331, 'ALVORADA DO NORTE', 9),
(5332, 'AMARALINA', 9),
(5333, 'AMERICANO DO BRASIL', 9),
(5334, 'AMORINOPOLIS', 9),
(5335, 'ANAPOLIS', 9),
(5336, 'ANHANGUERA', 9),
(5337, 'ANICUNS', 9),
(5338, 'APARECIDA DE GOIANIA', 9),
(5339, 'APARECIDA DO RIO DOCE', 9),
(5340, 'APORE', 9),
(5341, 'ARACU', 9),
(5342, 'ARAGARCAS', 9),
(5343, 'ARAGOIANIA', 9),
(5344, 'ARAGUAPAZ', 9),
(5345, 'ARENOPOLIS', 9),
(5346, 'ARUANA', 9),
(5347, 'AURILANDIA', 9),
(5348, 'AVELINOPOLIS', 9),
(5349, 'BALIZA', 9),
(5350, 'BARRO ALTO', 9),
(5351, 'BELA VISTA DE GOIAS', 9),
(5352, 'BOM JARDIM DE GOIAS', 9),
(5353, 'BOM JESUS DE GOIAS', 9),
(5354, 'BONFINOPOLIS', 9),
(5355, 'BONOPOLIS', 9),
(5356, 'BRAZABRANTES', 9),
(5357, 'BRITANIA', 9),
(5358, 'BURITI ALEGRE', 9),
(5359, 'BURITI DE GOIAS', 9),
(5360, 'BURITINOPOLIS', 9),
(5361, 'CABECEIRAS', 9),
(5362, 'CACHOEIRA ALTA', 9),
(5363, 'CACHOEIRA DE GOIAS', 9),
(5364, 'CACHOEIRA DOURADA', 9),
(5365, 'CACU', 9),
(5366, 'CAIAPONIA', 9),
(5367, 'CALDAS NOVAS', 9),
(5368, 'CALDAZINHA', 9),
(5369, 'CAMPESTRE DE GOIAS', 9),
(5370, 'CAMPINACU', 9),
(5371, 'CAMPINORTE', 9),
(5372, 'CAMPO ALEGRE DE GOIAS', 9),
(5373, 'CAMPO LIMPO DE GOIAS', 9),
(5374, 'CAMPOS BELOS', 9),
(5375, 'CAMPOS VERDES', 9),
(5376, 'CARMO DO RIO VERDE', 9),
(5377, 'CASTELANDIA', 9),
(5378, 'CATALAO', 9),
(5379, 'CATURAI', 9),
(5380, 'CAVALCANTE', 9),
(5381, 'CERES', 9),
(5382, 'CEZARINA', 9),
(5383, 'CHAPADAO DO CEU', 9),
(5384, 'CIDADE OCIDENTAL', 9),
(5385, 'COCALZINHO DE GOIAS', 9),
(5386, 'COLINAS DO SUL', 9),
(5387, 'CORREGO DO OURO', 9),
(5388, 'CORUMBA DE GOIAS', 9),
(5389, 'CORUMBAIBA', 9),
(5390, 'CRISTALINA', 9),
(5391, 'CRISTIANOPOLIS', 9),
(5392, 'CRIXAS', 9),
(5393, 'CROMINIA', 9),
(5394, 'CUMARI', 9),
(5395, 'DAMIANOPOLIS', 9),
(5396, 'DAMOLANDIA', 9),
(5397, 'DAVINOPOLIS', 9),
(5398, 'DIORAMA', 9),
(5399, 'DOVERLANDIA', 9),
(5400, 'EDEALINA', 9),
(5401, 'EDEIA', 9),
(5402, 'ESTRELA DO NORTE', 9),
(5403, 'FAINA', 9),
(5404, 'FAZENDA NOVA', 9),
(5405, 'FIRMINOPOLIS', 9),
(5406, 'FLORES DE GOIAS', 9),
(5407, 'FORMOSA', 9),
(5408, 'FORMOSO', 9),
(5409, 'GAMELEIRA DE GOIAS', 9),
(5410, 'DIVINOPOLIS DE GOIAS', 9),
(5411, 'GOIANAPOLIS', 9),
(5412, 'GOIANDIRA', 9),
(5413, 'GOIANESIA', 9),
(5414, 'GOIANIA', 9),
(5415, 'GOIANIRA', 9),
(5416, 'GOIAS', 9),
(5417, 'GOIATUBA', 9),
(5418, 'GOUVELANDIA', 9),
(5419, 'GUAPO', 9),
(5420, 'GUARAITA', 9),
(5421, 'GUARANI DE GOIAS', 9),
(5422, 'GUARINOS', 9),
(5423, 'HEITORAI', 9),
(5424, 'HIDROLANDIA', 9),
(5425, 'HIDROLINA', 9),
(5426, 'IACIARA', 9),
(5427, 'INACIOLANDIA', 9),
(5428, 'INDIARA', 9),
(5429, 'INHUMAS', 9),
(5430, 'IPAMERI', 9),
(5431, 'IPIRANGA DE GOIAS', 9),
(5432, 'IPORA', 9),
(5433, 'ISRAELANDIA', 9),
(5434, 'ITABERAI', 9),
(5435, 'ITAGUARI', 9),
(5436, 'ITAGUARU', 9),
(5437, 'ITAJA', 9),
(5438, 'ITAPACI', 9),
(5439, 'ITAPIRAPUA', 9),
(5440, 'ITAPURANGA', 9),
(5441, 'ITARUMA', 9),
(5442, 'ITAUCU', 9),
(5443, 'ITUMBIARA', 9),
(5444, 'IVOLANDIA', 9),
(5445, 'JANDAIA', 9),
(5446, 'JARAGUA', 9),
(5447, 'JATAI', 9),
(5448, 'JAUPACI', 9),
(5449, 'JESUPOLIS', 9),
(5450, 'JOVIANIA', 9),
(5451, 'JUSSARA', 9),
(5452, 'LAGOA SANTA', 9),
(5453, 'LEOPOLDO DE BULHOES', 9),
(5454, 'LUZIANIA', 9),
(5455, 'MAIRIPOTABA', 9),
(5456, 'MAMBAI', 9),
(5457, 'MARA ROSA', 9),
(5458, 'MARZAGAO', 9),
(5459, 'MATRINCHA', 9),
(5460, 'MAURILANDIA', 9),
(5461, 'MIMOSO DE GOIAS', 9),
(5462, 'MINACU', 9),
(5463, 'MINEIROS', 9),
(5464, 'MOIPORA', 9),
(5465, 'MONTE ALEGRE DE GOIAS', 9),
(5466, 'MONTES CLAROS DE GOIAS', 9),
(5467, 'MONTIVIDIU', 9),
(5468, 'MONTIVIDIU DO NORTE', 9),
(5469, 'MORRINHOS', 9),
(5470, 'MORRO AGUDO DE GOIAS', 9),
(5471, 'MOSSAMEDES', 9),
(5472, 'MOZARLANDIA', 9),
(5473, 'MUNDO NOVO', 9),
(5474, 'MUTUNOPOLIS', 9),
(5475, 'NAZARIO', 9),
(5476, 'NEROPOLIS', 9),
(5477, 'NIQUELANDIA', 9),
(5478, 'NOVA AMERICA', 9),
(5479, 'NOVA AURORA', 9),
(5480, 'NOVA CRIXAS', 9),
(5481, 'NOVA GLORIA', 9),
(5482, 'NOVA IGUACU DE GOIAS', 9),
(5483, 'NOVA ROMA', 9),
(5484, 'NOVA VENEZA', 9),
(5485, 'NOVO BRASIL', 9),
(5486, 'NOVO GAMA', 9),
(5487, 'NOVO PLANALTO', 9),
(5488, 'ORIZONA', 9),
(5489, 'OURO VERDE DE GOIAS', 9),
(5490, 'OUVIDOR', 9),
(5491, 'PADRE BERNARDO', 9),
(5492, 'PALESTINA DE GOIAS', 9),
(5493, 'PALMEIRAS DE GOIAS', 9),
(5494, 'PALMELO', 9),
(5495, 'PALMINOPOLIS', 9),
(5496, 'PANAMA', 9),
(5497, 'PARANAIGUARA', 9),
(5498, 'PARAUNA', 9),
(5499, 'PEROLANDIA', 9),
(5500, 'PETROLINA DE GOIAS', 9),
(5501, 'PILAR DE GOIAS', 9),
(5502, 'PIRACANJUBA', 9),
(5503, 'PIRANHAS', 9),
(5504, 'PIRENOPOLIS', 9),
(5505, 'PIRES DO RIO', 9),
(5506, 'PLANALTINA', 9),
(5507, 'PONTALINA', 9),
(5508, 'PORANGATU', 9),
(5509, 'PORTEIRAO', 9),
(5510, 'PORTELANDIA', 9),
(5511, 'POSSE', 9),
(5512, 'PROFESSOR JAMIL', 9),
(5513, 'QUIRINOPOLIS', 9),
(5514, 'RIALMA', 9),
(5515, 'RIANAPOLIS', 9),
(5516, 'RIO QUENTE', 9),
(5517, 'RIO VERDE', 9),
(5518, 'RUBIATABA', 9),
(5519, 'SANCLERLANDIA', 9),
(5520, 'SANTA BARBARA DE GOIAS', 9),
(5521, 'SANTA CRUZ DE GOIAS', 9),
(5522, 'SANTA FE DE GOIAS', 9),
(5523, 'SANTA HELENA DE GOIAS', 9),
(5524, 'SANTA ISABEL', 9),
(5525, 'SANTA RITA DO ARAGUAIA', 9),
(5526, 'SANTA RITA DO NOVO DESTINO', 9),
(5527, 'SANTA ROSA DE GOIAS', 9),
(5528, 'SANTA TEREZA DE GOIAS', 9),
(5529, 'SANTA TEREZINHA DE GOIAS', 9),
(5530, 'SANTO ANTONIO DA BARRA', 9),
(5531, 'SANTO ANTONIO DE GOIAS', 9),
(5532, 'SANTO ANTONIO DO DESCOBERTO', 9),
(5533, 'SAO DOMINGOS', 9),
(5534, 'SAO FRANCISCO DE GOIAS', 9),
(5535, 'SAO JOAO D''ALIANCA', 9),
(5536, 'SAO JOAO DA PARAUNA', 9),
(5537, 'SAO LUIS DE MONTES BELOS', 9),
(5538, 'SAO LUIZ DO NORTE', 9),
(5539, 'SAO MIGUEL DO ARAGUAIA', 9),
(5540, 'SAO MIGUEL DO PASSA QUATRO', 9),
(5541, 'SAO PATRICIO', 9),
(5542, 'SAO SIMAO', 9),
(5543, 'SENADOR CANEDO', 9),
(5544, 'SERRANOPOLIS', 9),
(5545, 'SILVANIA', 9),
(5546, 'SIMOLANDIA', 9),
(5547, 'SITIO D''ABADIA', 9),
(5548, 'TAQUARAL DE GOIAS', 9),
(5549, 'TERESINA DE GOIAS', 9),
(5550, 'TEREZOPOLIS DE GOIAS', 9),
(5551, 'TRES RANCHOS', 9),
(5552, 'TRINDADE', 9),
(5553, 'TROMBAS', 9),
(5554, 'TURVANIA', 9),
(5555, 'TURVELANDIA', 9),
(5556, 'UIRAPURU', 9),
(5557, 'URUACU', 9),
(5558, 'URUANA', 9),
(5559, 'URUTAI', 9),
(5560, 'VALPARAISO DE GOIAS', 9),
(5561, 'VARJAO', 9),
(5562, 'VIANOPOLIS', 9),
(5563, 'VICENTINOPOLIS', 9),
(5564, 'VILA BOA', 9),
(5565, 'VILA PROPICIO', 9),
(5566, 'BRASILIA - ASA NORTE', 7),
(5567, 'BRASILIA', 7),
(5568, 'BRASILIA - ASA SUL', 7),
(5569, 'BRAZLANDIA', 7),
(5570, 'CANDANGOLANDIA', 7),
(5571, 'CEILANDIA', 7),
(5572, 'CRUZEIRO', 7),
(5573, 'GAMA', 7),
(5574, 'GUARA', 7),
(5575, 'LAGO NORTE', 7),
(5576, 'LAGO SUL', 7),
(5577, 'NUCLEO BANDEIRANTE', 7),
(5578, 'PARANOA', 7),
(5579, 'PLANALTINA', 7),
(5580, 'RECANTO DAS EMAS', 7),
(5581, 'RIACHO FUNDO', 7),
(5582, 'SAMAMBAIA', 7),
(5583, 'SANTA MARIA', 7),
(5584, 'SAO SEBASTIAO', 7),
(5585, 'SOBRADINHO', 7),
(5586, 'TAGUATINGA', 7),
(5587, 'AGUAS CLARAS', 7),
(5588, 'PARK WAY', 7),
(5589, 'RIACHO FUNDO II', 7),
(5590, 'SOBRADINHO II', 7),
(5591, 'VARJAO', 7),
(5592, 'ITAPOA', 7),
(5593, 'SCIA-ESTRUTURAL', 7),
(5594, 'JARDIM BOTANICO', 7),
(5595, 'SUDOESTE/OCTOGONAL', 7),
(5596, 'SETOR DE INDUSTRIA E ABASTECIMENTO', 7),
(5597, 'VICENTE PIRES', 7);



/*
alteracoes:

itemproduto->barras: unsigned_zerofill ; tamaho(9)
itemproduto->estoque: not null ; padrao=0
venda-prazo: null
venda-vendedor: null
itemvenda->qtd: arrumar nome do campo
remover tipodoc do sistema
remover caixa do sistema e colocar em adiados
-----acima ok, abaixo nao-ok -----
venda->status: enum(0,1,2); not-null
receber->status :enum(0,1,2); not-null
*/


/*testes*/

INSERT INTO `clifor` (`idclifor`, `uf`, `cidade`, `nome`, `ierg`, `cnpjcpf`, `tipo`, `endereco`, `bairro`, `cep`, `telefone`, `celular`, `email`, `status`, `razsoc`, `fantasia`) VALUES 
(1, 14, 155, 'DIEGO CARREIRA DE FRANCA', '111111111', '07457346937', 'C', 'RUA JIASJDIASJD', 'CENTRO', 87200000, 4436315857, 4499001122, 'TESTE@TESTE.COM', 1, NULL, NULL),
(2, 14, 153, 'ANTONIO CARLOS DOS SANTOS', '222222222', '01234567890', 'C', 'RUA JAIJSDA', 'CENTRO', 87200000, 4436315857, 4499001122, 'TESTE@TESTE.COM', 1, NULL, NULL),
(3, 18, 3987, NULL, '333333333', '76483817000120', 'F', 'RUA SANTOS 286', 'CENTRO', 87209048, 4436372551, 0, 'COPEL@COPEL.COM', '1', 'COMPANHIA PARANAENSE DE ENERGIA', 'COPEL'),
(4, 18, 3987, NULL, '444444444', '76484013000145', 'F', 'RUA SANTOS 286', 'CENTRO', 87209048, 4436372551, 0, 'SANEPAR@SAN.COM.BR', '1', 'COMPANHIA DE SANEAMENTO DO PARANA', 'SANEPAR');


INSERT INTO `vendedor` (`idvendedor`, `uf`, `cidade`, `nome`, `rg`, `cpf`, `endereco`, `status`, `bairro`, `cep`, `telefone`, `celular`, `email`) VALUES 
(1, 14, 153, 'ALICE ALVES DE MELO', '111111111', '07457346937', 'TESTE', 1, 'CENTRO', 87200000, 4436315857, 4499001122, 'TESTE@TESTE.COM');



INSERT INTO `prazo` (`idprazo`, `descricao`) VALUES 
(1, 'A VISTA'),
(2, '30/60'),
(3, '30/60/90');

INSERT INTO `itemprazo` (`iditem`, `prazo`, `dias`) VALUES 
(1, 2, 30),
(2, 2, 60),
(3, 1, 0),
(4, 3, 30),
(5, 3, 60),
(6, 3, 90);



INSERT INTO `produto` (`idpro`, `descricao`, `custo`, `valor`) VALUES 
(1, 'CALCA MASC. PROMOCAO', 10.00, 20.00),
(2, 'CALCA FEM. BASICA', 20.00, 40.00);

INSERT INTO `itemproduto` (`idpro`, `tam`, `barras`, `estoque`) VALUES 
(1, '34', 000000001, 10),
(1, '36', 000000002, 10),
(1, '38', 000000003, 10),
(2, '34', 000000004, 10),
(2, '36', 000000005, 10),
(2, '38', 000000006, 10);



delimiter |
CREATE TRIGGER `insert_venda_produto` after INSERT ON `itemvenda`
  FOR EACH ROW BEGIN
    UPDATE `itemproduto` SET estoque = ( estoque - NEW.qtd) WHERE idpro = NEW.idpro and tam = NEW.tam;
  END;
  |

delimiter ;




delimiter |
CREATE TRIGGER `delete_venda_produto` after DELETE ON `itemvenda`
  FOR EACH ROW BEGIN
    UPDATE `itemproduto` SET estoque = ( estoque + OLD.qtd) WHERE idpro = OLD.idpro and tam = OLD.tam;
  END;
  |

delimiter ;